frame,preprocess_ms,inference_ms,postprocess_ms,total_ms
0,3.601,10.488,146.188,160.277
1,6.293,9.662,1.864,17.82
2,4.977,9.364,1.59,15.931
3,2.475,9.185,1.507,13.167
4,2.461,9.018,1.973,13.453
5,2.378,9.028,1.592,12.998
6,2.427,9.003,1.586,13.015
7,2.467,9.051,1.503,13.02
8,2.4,9.114,1.477,12.991
9,2.422,8.987,1.469,12.878
10,2.429,9.06,2.277,13.767
11,2.662,8.994,1.494,13.15
12,2.438,8.99,1.547,12.975
13,2.439,7.031,1.455,10.925
14,2.394,7.052,1.457,10.903
15,2.391,7.051,1.483,10.925
16,2.357,7.089,2.152,11.598
17,2.452,7.092,1.538,11.082
18,4.898,7.048,1.466,13.412
19,2.542,7.114,1.488,11.144
20,2.406,7.086,1.489,10.981
21,2.421,7.123,1.55,11.094
22,2.372,7.11,1.744,11.226
23,2.658,7.051,1.467,11.176
24,2.471,7.041,1.533,11.045
25,2.584,7.053,1.542,11.179
26,2.407,7.088,1.592,11.087
27,2.552,7.121,1.561,11.235
28,2.501,7.107,1.46,11.068
29,2.491,7.039,1.464,10.993
30,2.475,7.065,1.437,10.977
31,2.392,6.615,1.555,10.561
32,2.548,6.613,1.504,10.664
33,2.418,6.659,1.452,10.529
34,2.538,6.745,1.525,10.808
35,2.438,6.678,1.532,10.648
36,2.441,6.578,1.431,10.45
37,2.433,6.776,1.516,10.725
38,2.396,7.018,1.767,11.181
39,3.211,9.258,2.246,14.715
40,2.703,6.813,1.569,11.085
41,2.395,6.781,1.515,10.691
42,2.35,6.87,1.519,10.74
43,2.352,6.553,1.487,10.392
44,2.353,6.71,1.51,10.572
45,2.355,9.339,2.078,13.772
46,2.762,12.232,2.29,17.284
47,2.806,12.895,2.614,18.315
48,2.914,7.592,1.515,12.021
49,2.438,6.503,1.525,10.466
50,2.392,6.574,1.494,10.459
51,2.48,6.731,1.442,10.653
52,2.478,6.503,1.512,10.494
53,2.355,6.588,1.442,10.384
54,2.547,6.489,1.511,10.548
55,2.621,6.536,1.529,10.685
56,2.395,6.59,1.506,10.49
57,2.441,6.632,1.533,10.606
58,2.419,6.667,1.522,10.608
59,2.349,6.806,1.504,10.659
60,2.396,6.586,1.503,10.485
61,2.343,6.755,1.43,10.529
62,2.366,6.527,1.492,10.385
63,2.409,6.711,1.446,10.566
64,2.379,6.749,1.53,10.658
65,2.361,6.573,1.498,10.432
66,2.486,6.576,1.503,10.565
67,2.428,6.573,1.49,10.492
68,2.451,6.745,1.438,10.634
69,2.362,6.546,1.515,10.423
70,2.326,6.529,1.5,10.355
71,2.496,6.634,1.505,10.635
72,2.349,6.62,1.565,10.534
73,2.7,6.836,1.517,11.053
74,2.371,6.933,1.44,10.744
75,2.47,6.892,1.548,10.91
76,2.406,6.655,1.545,10.606
77,2.378,6.868,1.535,10.781
78,2.399,6.722,1.52,10.642
79,2.372,6.679,1.534,10.586
80,2.38,6.79,1.7,10.87
81,2.416,6.896,1.707,11.019
82,2.435,7.174,1.503,11.112
83,2.469,7.325,1.713,11.507
84,2.452,6.949,1.575,10.976
85,2.716,6.869,1.722,11.306
86,2.538,7.138,1.757,11.434
87,2.506,7.092,1.64,11.238
88,2.526,6.613,1.517,10.656
89,2.463,6.753,1.514,10.73
90,2.425,6.685,1.616,10.726
91,2.472,6.712,1.536,10.72
92,2.347,6.915,1.514,10.777
93,2.411,6.716,1.502,10.629
94,2.452,6.673,1.526,10.652
95,2.463,6.842,1.603,10.908
96,2.382,6.911,1.67,10.963
97,2.683,6.995,1.775,11.453
98,2.393,6.796,1.506,10.695
99,2.364,6.665,1.534,10.563
100,2.345,6.826,1.506,10.678
101,2.434,6.579,1.509,10.521
102,2.54,6.659,1.517,10.716
103,2.357,6.852,1.547,10.755
104,2.404,6.647,1.516,10.567
105,2.627,6.675,1.468,10.77
106,2.453,6.477,1.48,10.41
107,2.626,7.489,1.546,11.661
108,2.388,6.891,1.454,10.733
109,2.344,7.199,1.456,11.0
110,2.418,6.693,1.539,10.651
111,2.455,6.675,1.743,10.873
112,2.405,6.932,1.583,10.919
113,2.424,6.656,1.519,10.599
114,2.641,6.951,1.544,11.136
115,2.401,6.866,1.507,10.774
116,2.51,7.014,2.01,11.534
117,2.816,10.411,2.167,15.394
118,2.771,7.038,1.658,11.467
119,2.359,7.072,1.531,10.962
120,2.388,6.657,1.542,10.587
121,2.342,6.708,1.534,10.584
122,2.398,6.69,1.53,10.618
123,2.347,6.614,1.541,10.502
124,2.388,6.588,1.508,10.484
125,2.386,6.733,1.541,10.66
126,2.409,6.69,1.494,10.593
127,2.359,7.049,2.265,11.674
128,3.04,6.729,1.521,11.29
129,2.435,7.039,1.501,10.975
130,2.372,8.682,1.736,12.79
131,2.591,6.808,1.655,11.053
132,2.474,6.786,1.443,10.703
133,2.378,6.765,1.542,10.684
134,2.42,6.802,1.549,10.77
135,2.361,8.551,1.574,12.486
136,2.587,6.861,1.493,10.94
137,2.377,6.873,1.519,10.769
138,2.372,6.666,1.531,10.569
139,2.387,6.903,2.0,11.29
140,2.862,11.69,2.268,16.82
141,3.019,13.008,1.772,17.8
142,2.534,7.14,1.671,11.344
143,2.36,6.639,1.501,10.5
144,2.446,6.85,1.501,10.797
145,2.506,6.609,1.445,10.56
146,2.359,6.617,1.506,10.481
147,2.391,6.912,1.5,10.802
148,2.406,6.584,1.608,10.598
149,2.509,6.789,1.506,10.804
150,2.362,6.62,1.489,10.47
151,2.344,6.595,1.517,10.456
152,2.372,6.545,1.503,10.419
153,2.385,6.623,1.74,10.747
154,2.532,6.739,1.437,10.708
155,2.471,6.524,1.503,10.498
156,2.328,6.635,1.511,10.475
157,2.389,6.624,1.61,10.624
158,2.351,6.866,1.492,10.709
159,2.375,6.612,1.432,10.42
160,2.408,6.542,1.498,10.448
161,2.769,8.376,1.596,12.742
162,2.34,6.763,1.491,10.594
163,2.384,6.614,1.48,10.479
164,2.367,6.555,1.486,10.409
165,2.377,6.554,1.486,10.417
166,2.364,6.603,1.487,10.454
167,2.335,6.789,1.488,10.612
168,2.326,6.551,1.434,10.311
169,2.481,6.533,1.519,10.534
170,2.431,6.709,1.494,10.634
171,2.408,6.555,1.507,10.47
172,2.429,8.031,1.671,12.131
173,2.338,6.796,1.502,10.636
174,2.47,6.556,1.498,10.524
175,2.37,6.569,1.527,10.467
176,2.338,6.594,1.497,10.429
177,2.347,6.589,1.532,10.467
178,2.35,6.577,1.495,10.423
179,2.345,6.665,1.632,10.642
180,2.398,6.698,1.499,10.595
181,2.323,6.716,1.568,10.607
182,2.596,6.492,1.511,10.6
183,2.34,7.148,1.492,10.98
184,2.506,6.555,1.49,10.55
185,2.443,6.864,1.495,10.802
186,2.368,6.92,1.44,10.729
187,2.387,6.524,1.496,10.407
188,2.345,6.585,1.457,10.386
189,2.335,6.652,1.486,10.473
190,2.342,6.565,1.468,10.375
191,2.373,6.688,1.55,10.612
192,2.375,6.573,1.497,10.445
193,2.323,6.583,1.491,10.397
194,2.325,7.305,1.503,11.134
195,2.35,6.518,1.489,10.357
196,2.58,6.623,1.5,10.703
197,2.379,6.53,1.493,10.402
198,2.584,7.369,54.437,64.391
199,7.519,8.367,1.66,17.546
200,2.803,7.269,1.646,11.718
201,2.455,6.904,2.003,11.363
202,2.899,10.407,2.064,15.37
203,2.901,7.435,1.712,12.048
204,2.418,6.62,1.56,10.599
205,2.377,6.736,1.51,10.623
206,4.827,6.641,1.751,13.219
207,2.533,6.691,1.588,10.812
208,2.406,6.548,1.484,10.438
209,2.424,6.635,1.507,10.566
210,2.395,6.604,1.517,10.516
211,2.407,6.6,1.502,10.509
212,2.452,6.706,1.609,10.767
213,2.506,6.594,1.528,10.628
214,2.412,6.712,1.627,10.751
215,2.347,6.525,1.952,10.824
216,2.79,7.035,1.493,11.318
217,2.606,6.583,1.493,10.682
218,2.377,6.678,1.509,10.564
219,2.347,6.589,1.513,10.448
220,2.399,6.994,1.49,10.884
221,2.374,6.632,1.508,10.514
222,2.347,10.296,1.565,14.208
223,2.602,6.611,1.514,10.727
224,2.462,7.14,1.492,11.093
225,2.384,6.674,1.504,10.562
226,2.361,6.535,1.477,10.373
227,2.409,6.553,1.489,10.451
228,2.4,11.287,2.243,15.931
229,2.859,13.247,2.437,18.543
230,2.765,7.039,1.492,11.295
231,2.38,6.637,1.488,10.505
232,2.597,6.851,1.492,10.941
233,2.414,6.717,1.502,10.633
234,2.405,6.825,1.483,10.713
235,2.358,6.688,1.477,10.523
236,2.4,6.612,1.512,10.524
237,2.432,6.667,1.493,10.592
238,2.394,6.899,1.554,10.847
239,2.422,6.833,1.564,10.819
240,2.434,6.541,1.489,10.464
241,2.364,6.579,1.481,10.423
242,2.4,7.17,1.492,11.062
243,2.432,6.753,1.526,10.711
244,2.444,6.831,1.492,10.767
245,2.399,6.597,1.482,10.479
246,2.428,8.32,1.492,12.24
247,2.455,6.83,1.506,10.79
248,2.469,6.812,1.442,10.723
249,2.352,6.567,1.515,10.434
250,2.353,6.545,1.485,10.383
251,2.357,6.608,1.501,10.466
252,2.356,6.763,1.512,10.632
253,2.353,6.589,1.507,10.45
254,2.37,6.557,1.49,10.417
255,2.355,9.169,2.34,13.863
256,2.77,11.289,2.118,16.177
257,3.056,10.402,1.542,15.0
258,2.674,12.629,2.928,18.23
259,3.167,13.653,1.948,18.769
260,4.218,7.485,1.546,13.25
261,2.824,6.603,1.526,10.952
262,2.433,6.914,1.543,10.889
263,2.406,8.024,1.442,11.872
264,2.52,6.797,1.493,10.81
265,2.495,6.701,1.497,10.693
266,2.497,6.885,1.488,10.87
267,2.48,6.542,1.504,10.526
268,2.378,6.76,1.511,10.649
269,2.36,6.656,1.427,10.443
270,2.406,6.565,1.483,10.454
271,2.356,6.712,1.491,10.559
272,2.355,6.609,1.504,10.467
273,2.467,7.297,2.406,12.17
274,2.428,6.776,1.501,10.705
275,2.434,6.857,1.494,10.785
276,2.418,7.32,1.507,11.245
277,2.406,6.613,1.493,10.511
278,2.374,6.655,1.487,10.515
279,2.371,6.579,1.484,10.435
280,2.557,7.569,1.511,11.637
281,2.484,6.571,1.505,10.56
282,2.371,6.62,1.589,10.58
283,2.386,6.61,1.501,10.497
284,2.396,6.695,1.494,10.585
285,2.582,6.641,1.707,10.93
286,2.377,6.903,1.618,10.898
287,2.373,6.752,1.418,10.544
288,2.416,7.327,1.563,11.305
289,2.456,9.417,2.076,13.95
290,2.992,8.971,1.575,13.539
291,2.521,6.799,1.59,10.91
292,2.454,6.596,1.495,10.545
293,2.389,6.627,1.429,10.445
294,2.396,6.64,1.573,10.609
295,2.374,6.585,1.491,10.449
296,2.471,6.649,1.505,10.624
297,2.406,6.654,1.498,10.558
298,2.495,6.515,1.525,10.536
299,2.353,6.6,1.504,10.457
300,2.361,6.644,1.429,10.433
301,2.493,6.515,1.511,10.519
302,2.728,6.57,1.486,10.784
303,2.357,6.627,1.421,10.404
304,2.591,8.123,1.628,12.342
305,2.479,6.532,1.485,10.496
306,2.479,6.614,1.496,10.589
307,2.367,6.674,1.425,10.467
308,2.465,7.044,1.434,10.943
309,2.462,6.564,1.516,10.543
310,2.366,6.697,1.482,10.545
311,2.746,6.564,1.445,10.754
312,2.535,6.776,1.488,10.798
313,2.449,6.775,1.512,10.736
314,2.423,6.593,1.49,10.505
315,2.462,6.609,1.5,10.57
316,2.409,6.52,1.598,10.528
317,2.433,6.921,1.495,10.849
318,2.426,6.844,1.516,10.786
319,2.435,10.601,2.276,15.311
320,2.791,11.842,2.54,17.172
321,3.12,9.856,1.512,14.488
322,2.766,6.81,1.51,11.085
323,2.387,6.792,1.442,10.622
324,2.351,6.567,1.482,10.4
325,2.412,6.582,1.513,10.506
326,2.415,6.658,1.507,10.581
327,2.385,6.729,1.494,10.608
328,2.351,6.618,1.496,10.465
329,2.386,6.596,1.483,10.465
330,2.349,6.902,1.49,10.741
331,2.35,7.128,1.486,10.965
332,2.349,6.847,1.482,10.679
333,2.362,6.649,1.485,10.496
334,2.361,6.617,1.483,10.461
335,2.583,6.535,1.497,10.615
336,2.418,6.566,1.494,10.478
337,2.506,6.531,1.52,10.557
338,2.421,6.685,1.489,10.595
339,2.466,6.554,1.484,10.504
340,2.426,6.838,1.697,10.96
341,2.42,6.721,1.502,10.643
342,2.393,6.681,1.49,10.564
343,2.401,6.624,1.517,10.542
344,2.391,6.598,1.478,10.468
345,2.403,6.845,1.426,10.674
346,2.398,7.191,1.665,11.253
347,2.692,6.836,1.533,11.061
348,2.634,6.609,1.504,10.747
349,2.483,6.679,1.496,10.658
350,2.464,6.657,1.601,10.722
351,2.475,6.678,1.491,10.644
352,2.428,6.606,1.424,10.457
353,2.393,6.773,1.513,10.679
354,2.385,6.551,1.498,10.435
355,2.414,7.249,1.488,11.152
356,2.389,8.154,1.503,12.045
357,2.387,8.331,1.573,12.292
358,2.435,6.558,1.482,10.475
359,2.452,6.763,1.44,10.655
360,2.385,6.649,1.491,10.526
361,2.422,6.599,1.486,10.507
362,2.597,6.625,1.481,10.703
363,2.4,6.753,1.518,10.672
364,2.362,6.763,1.487,10.612
365,2.465,7.021,1.604,11.09
366,2.446,6.685,1.425,10.555
367,2.363,6.671,1.491,10.524
368,2.354,6.586,1.428,10.369
369,2.349,6.57,1.474,10.392
370,2.422,6.557,1.506,10.485
371,2.37,8.222,1.652,12.244
372,2.487,6.668,1.474,10.629
373,2.462,6.593,1.686,10.742
374,2.648,7.387,1.512,11.547
375,2.392,8.215,1.855,12.463
376,2.691,8.513,1.563,12.768
377,2.445,7.111,1.781,11.337
378,2.606,6.663,1.623,10.892
379,2.504,7.056,1.512,11.073
380,2.435,6.86,1.578,10.872
381,2.503,6.507,1.513,10.523
382,2.402,6.655,1.62,10.677
383,2.416,6.744,1.429,10.589
384,2.325,6.63,1.504,10.459
385,2.364,6.72,1.53,10.614
386,2.609,6.525,1.493,10.626
387,2.441,6.595,1.498,10.534
388,2.432,6.576,1.482,10.49
389,2.404,6.667,1.482,10.554
390,2.418,6.577,1.43,10.425
391,2.434,6.583,1.506,10.522
392,2.461,7.027,1.518,11.005
393,2.39,6.578,1.499,10.467
394,2.356,6.56,1.499,10.415
395,2.403,8.573,1.644,12.619
396,2.495,6.602,1.49,10.587
397,2.373,6.564,1.501,10.438
398,2.364,6.608,1.487,10.46
399,2.355,8.584,2.051,12.99
400,2.769,9.307,1.632,13.708
401,2.496,6.589,1.519,10.604
402,2.356,7.039,1.585,10.98
403,2.53,6.835,1.501,10.866
404,2.384,6.548,1.505,10.436
405,2.365,6.607,1.499,10.471
406,2.376,6.801,1.436,10.613
407,2.327,6.79,1.514,10.63
408,2.412,6.7,1.553,10.665
409,2.365,6.497,1.554,10.416
410,2.621,6.703,1.5,10.824
411,2.378,6.565,2.069,11.012
412,2.876,13.919,2.36,19.155
413,2.938,16.596,2.368,21.902
414,2.849,13.573,2.676,19.099
415,3.235,13.249,3.228,19.712
416,2.94,13.992,2.317,19.249
417,3.345,12.447,2.975,18.767
418,3.213,11.706,2.438,17.357
419,3.104,14.19,2.35,19.644
420,3.039,11.661,1.931,16.631
421,2.77,12.706,1.606,17.083
422,2.734,10.108,2.307,15.149
423,2.753,10.516,2.343,15.612
424,2.958,10.687,1.903,15.547
425,3.058,8.954,1.876,13.888
426,2.814,8.859,1.861,13.534
427,2.675,8.816,1.861,13.352
428,2.662,8.87,1.857,13.389
429,2.693,8.794,1.845,13.332
430,2.673,8.776,1.833,13.282
431,2.698,8.898,1.858,13.454
432,2.756,8.744,1.844,13.345
433,2.728,8.759,1.842,13.329
434,2.721,8.722,1.842,13.284
435,2.675,8.693,1.842,13.21
436,2.701,9.163,1.839,13.703
437,2.921,9.543,1.859,14.323
438,2.782,8.916,1.852,13.549
439,2.671,8.755,1.846,13.271
440,2.692,8.667,1.854,13.213
441,2.702,8.719,1.85,13.27
442,2.679,8.732,1.845,13.255
443,2.701,8.774,1.846,13.321
444,2.683,8.702,1.842,13.226
445,2.816,8.827,1.851,13.495
446,2.725,8.711,1.843,13.279
447,2.676,8.723,1.863,13.262
448,2.673,8.882,3.591,15.147
449,2.725,8.724,1.835,13.284
450,2.675,8.767,1.836,13.279
451,2.807,8.746,1.862,13.415
452,2.806,8.859,1.84,13.505
453,2.732,8.907,1.837,13.476
454,2.689,8.962,1.86,13.51
455,2.687,8.789,2.001,13.478
456,2.874,9.07,1.861,13.806
457,2.891,12.254,2.324,17.469
458,3.013,8.976,2.204,14.194
459,3.426,8.894,1.895,14.215
460,2.736,8.662,1.826,13.224
461,2.671,8.68,1.797,13.148
462,2.888,8.59,1.803,13.281
463,2.703,8.542,1.758,13.002
464,2.65,8.556,1.75,12.955
465,2.656,8.606,1.766,13.028
466,2.659,8.503,1.783,12.945
467,2.659,8.812,1.806,13.277
468,2.82,10.861,1.811,15.492
469,2.682,8.575,1.773,13.03
470,2.695,8.775,1.935,13.406
471,2.825,9.737,1.936,14.498
472,2.997,11.115,2.175,16.288
473,3.044,8.695,1.798,13.537
474,2.8,8.623,1.793,13.216
475,2.732,8.611,1.784,13.127
476,2.678,8.471,1.786,12.935
477,2.664,8.528,1.784,12.977
478,2.705,8.881,1.775,13.36
479,2.673,8.643,1.839,13.156
480,2.839,8.547,1.784,13.171
481,2.638,8.594,1.812,13.045
482,2.659,8.733,1.779,13.171
483,2.656,8.647,1.847,13.151
484,2.66,8.518,1.797,12.976
485,2.654,8.541,1.791,12.986
486,2.656,8.513,1.803,12.972
487,2.643,9.835,3.052,15.53
488,2.711,10.72,1.773,15.203
489,3.684,11.996,1.825,17.504
490,4.923,9.75,1.857,16.53
491,2.711,14.772,2.197,19.68
492,2.871,11.889,2.045,16.806
493,2.761,10.793,1.825,15.378
494,2.897,8.601,1.792,13.291
495,2.793,8.59,1.944,13.327
496,2.719,8.564,1.787,13.071
497,2.651,8.599,1.808,13.058
498,2.663,8.536,1.805,13.004
499,2.645,8.554,1.796,12.995
500,2.652,8.599,1.82,13.071
501,2.651,9.748,2.196,14.595
502,2.798,11.698,3.827,18.323
503,2.572,10.217,1.722,14.511
504,2.983,10.605,2.306,15.894
505,2.981,12.515,2.307,17.804
506,2.897,12.093,3.082,18.072
507,3.343,12.191,2.314,17.848
508,2.949,9.029,1.861,13.839
509,2.967,12.495,1.819,17.282
510,2.582,9.85,2.266,14.698
511,2.764,8.958,1.832,13.554
512,2.734,11.626,2.323,16.683
513,3.182,13.466,2.03,18.678
514,2.73,10.042,2.211,14.983
515,3.182,12.417,2.351,17.951
516,2.776,9.066,1.996,13.837
517,2.782,9.033,2.38,14.195
518,2.834,12.029,2.271,17.134
519,2.817,12.795,2.84,18.453
520,3.135,8.814,1.848,13.797
521,2.666,9.15,1.825,13.641
522,2.725,8.577,1.981,13.283
523,2.964,13.755,2.271,18.99
524,3.291,12.931,2.274,18.496
525,2.886,9.405,1.916,14.207
526,2.742,8.83,1.848,13.419
527,2.732,9.146,1.828,13.707
528,2.768,9.157,1.877,13.802
529,2.751,9.958,2.186,14.896
530,3.256,9.629,2.0,14.886
531,2.687,10.052,1.844,14.583
532,2.754,8.971,1.933,13.658
533,2.685,8.848,1.796,13.329
534,2.765,8.676,1.824,13.265
535,2.68,8.842,1.813,13.335
536,3.196,13.22,3.876,20.293
537,4.792,17.713,2.229,24.734
538,2.905,10.3,1.876,15.081
539,2.719,9.139,1.936,13.794
540,2.729,8.825,1.812,13.366
541,2.709,9.045,1.854,13.609
542,2.721,8.984,1.854,13.56
543,2.767,8.822,1.833,13.422
544,2.691,9.096,1.835,13.623
545,2.712,8.871,1.806,13.389
546,2.867,9.034,1.825,13.726
547,2.909,9.106,1.841,13.856
548,2.721,9.065,1.939,13.725
549,2.703,9.056,2.398,14.157
550,4.692,9.768,2.808,17.268
551,2.986,9.032,1.984,14.002
552,2.914,9.245,1.839,13.998
553,2.744,9.441,1.83,14.015
554,2.701,8.934,1.868,13.503
555,3.148,9.184,1.85,14.181
556,2.879,8.885,1.856,13.62
557,2.696,8.861,1.824,13.381
558,2.737,9.069,1.851,13.658
559,2.731,8.824,1.795,13.351
560,2.703,11.62,4.01,18.332
561,2.912,10.098,1.888,14.898
562,3.856,11.209,1.855,16.921
563,4.729,8.831,3.038,16.599
564,4.841,13.321,1.917,20.078
565,2.76,13.86,5.428,22.049
566,3.652,14.592,1.641,19.884
567,3.13,10.76,1.852,15.742
568,2.767,8.869,1.824,13.46
569,2.684,8.672,1.778,13.133
570,2.66,8.558,1.765,12.984
571,2.718,8.604,1.786,13.109
572,2.656,8.904,1.821,13.38
573,2.694,8.572,1.802,13.068
574,2.69,8.549,1.994,13.233
575,2.682,8.63,1.785,13.097
576,2.655,8.699,1.792,13.145
577,2.669,9.211,1.779,13.659
578,2.702,8.692,1.803,13.197
579,2.693,8.628,1.809,13.13
580,2.747,8.672,1.792,13.211
581,2.706,8.788,1.801,13.295
582,2.641,8.579,1.802,13.022
583,2.675,8.543,2.498,13.715
584,3.121,14.921,1.799,19.841
585,3.44,11.757,1.959,17.156
586,3.049,9.655,2.022,14.725
587,2.811,9.205,2.403,14.419
588,2.737,10.158,2.337,15.232
589,2.877,10.158,2.155,15.19
590,2.869,10.466,1.832,15.167
591,2.668,8.62,1.834,13.122
592,2.85,8.851,1.767,13.469
593,2.977,8.859,1.807,13.644
594,2.74,8.618,1.811,13.169
595,2.694,9.211,1.908,13.813
596,2.705,8.604,1.774,13.083
597,2.666,8.59,1.782,13.038
598,2.666,8.833,1.808,13.307
599,2.692,8.671,1.802,13.165
600,2.701,8.773,1.76,13.234
601,2.706,9.129,1.805,13.639
602,2.662,8.559,2.003,13.224
603,2.82,8.905,1.828,13.553
604,2.73,8.586,1.797,13.113
605,2.813,10.687,1.809,15.308
606,2.673,8.815,1.869,13.356
607,2.704,8.491,1.798,12.992
608,2.68,8.796,1.755,13.231
609,2.723,9.006,2.344,14.074
610,3.082,11.773,3.934,18.789
611,2.853,12.137,2.268,17.258
612,2.842,11.481,2.259,16.582
613,2.852,11.134,3.29,17.276
614,2.82,8.851,2.652,14.323
615,3.174,11.389,2.168,16.731
616,2.994,13.605,2.396,18.995
617,2.945,13.129,2.256,18.329
618,3.067,13.199,2.228,18.494
619,2.935,12.343,2.325,17.603
620,2.775,9.049,1.853,13.678
621,3.303,8.959,1.866,14.128
622,2.778,8.986,1.853,13.617
623,2.716,9.256,3.228,15.2
624,2.896,9.655,2.095,14.646
625,2.7,10.509,1.853,15.061
626,2.742,8.7,1.829,13.271
627,2.67,8.991,1.806,13.467
628,2.666,8.86,1.818,13.344
629,2.642,8.847,1.801,13.289
630,2.651,10.753,2.26,15.664
631,2.811,13.039,2.284,18.134
632,2.86,13.08,2.245,18.184
633,3.221,13.212,2.358,18.792
634,2.959,15.864,3.337,22.16
635,2.945,14.08,2.508,19.533
636,3.097,14.394,2.309,19.801
637,3.037,12.635,2.424,18.096
638,2.892,12.13,2.176,17.197
639,2.903,12.876,2.342,18.121
640,2.879,12.138,2.36,17.377
641,2.873,13.12,2.283,18.276
642,2.914,11.119,2.269,16.302
643,2.873,11.239,2.263,16.375
644,2.849,12.265,2.741,17.855
645,2.946,17.708,3.315,23.969
646,3.281,13.672,2.15,19.103
647,2.857,11.488,2.26,16.605
648,2.925,11.225,2.423,16.573
649,3.236,11.843,2.179,17.257
650,2.923,13.576,2.444,18.943
651,2.974,12.962,2.546,18.483
652,2.944,11.821,1.979,16.743
653,2.735,8.883,1.572,13.189
654,2.778,6.656,1.534,10.969
655,2.588,7.109,1.645,11.342
656,2.479,6.852,1.529,10.86
657,2.535,7.01,1.513,11.057
658,2.379,6.771,1.502,10.652
659,2.337,6.715,1.501,10.552
660,2.362,6.648,1.515,10.526
661,2.364,6.602,1.51,10.475
662,2.34,6.666,1.524,10.53
663,2.38,6.594,1.683,10.657
664,2.41,6.704,1.502,10.616
665,2.365,6.61,1.526,10.501
666,2.373,6.903,1.639,10.915
667,2.356,6.739,1.515,10.61
668,2.361,6.845,1.467,10.672
669,2.341,6.615,1.522,10.478
670,2.34,6.617,1.445,10.402
671,2.338,6.634,1.525,10.497
672,2.593,10.185,2.039,14.817
673,2.801,8.672,1.499,12.972
674,2.373,6.66,1.443,10.477
675,2.379,7.656,2.49,12.525
676,2.436,6.961,1.518,10.915
677,2.452,6.652,1.503,10.608
678,2.357,6.689,1.508,10.553
679,2.537,6.644,1.51,10.691
680,2.402,6.607,1.497,10.506
681,2.369,6.611,1.509,10.489
682,2.377,6.685,1.501,10.563
683,2.408,6.653,1.505,10.566
684,2.382,6.651,1.501,10.533
685,2.433,6.757,1.507,10.696
686,2.625,6.81,1.525,10.96
687,2.425,6.644,1.487,10.556
688,2.401,6.929,1.514,10.844
689,2.337,6.72,1.497,10.554
690,2.355,6.642,1.502,10.499
691,2.415,6.699,1.494,10.608
692,2.345,6.678,1.431,10.454
693,2.394,6.674,1.496,10.564
694,2.343,6.83,1.499,10.672
695,2.455,6.741,1.431,10.627
696,2.34,7.22,1.494,11.054
697,2.384,6.598,1.51,10.492
698,2.399,6.591,1.51,10.5
699,2.341,6.59,1.513,10.444
700,2.337,7.062,1.514,10.913
701,2.448,6.565,1.497,10.51
702,2.348,6.642,1.506,10.496
703,2.383,6.92,1.52,10.823
704,2.369,6.636,1.489,10.493
705,2.418,6.861,1.424,10.703
706,2.366,6.62,1.501,10.487
707,2.338,6.663,1.42,10.42
708,2.364,6.706,1.5,10.57
709,2.346,6.599,1.494,10.439
710,2.371,6.736,1.506,10.612
711,2.336,6.868,1.552,10.757
712,2.39,6.907,1.495,10.792
713,2.372,6.629,1.492,10.492
714,2.359,6.771,1.494,10.625
715,2.338,6.945,1.509,10.792
716,2.356,6.629,1.483,10.468
717,2.341,6.626,1.506,10.473
718,2.402,11.305,2.288,15.995
719,2.817,13.367,2.415,18.598
720,2.628,6.941,1.741,11.311
721,2.725,8.873,1.563,13.161
722,2.385,6.871,1.526,10.782
723,2.782,6.666,1.525,10.973
724,2.384,6.682,1.507,10.574
725,2.412,6.687,1.506,10.605
726,2.374,6.567,1.497,10.439
727,2.359,6.659,1.574,10.591
728,2.371,6.704,1.524,10.6
729,2.4,6.669,1.52,10.59
730,2.355,7.002,1.502,10.859
731,2.45,7.198,1.503,11.151
732,2.388,6.638,1.447,10.473
733,2.452,6.649,1.512,10.613
734,2.428,6.558,1.517,10.503
735,2.445,6.738,1.491,10.673
736,2.347,6.722,1.516,10.585
737,2.398,7.979,1.499,11.876
738,2.443,6.626,1.487,10.557
739,2.479,6.891,1.566,10.936
740,2.453,6.555,1.539,10.547
741,2.365,6.778,1.575,10.718
742,2.356,6.603,1.442,10.401
743,2.368,6.617,1.515,10.5
744,2.349,6.644,1.431,10.424
745,2.365,6.972,1.497,10.835
746,2.366,6.703,1.522,10.591
747,2.401,7.092,1.531,11.024
748,2.468,6.974,1.621,11.064
749,2.384,6.567,1.547,10.498
750,2.458,6.532,1.519,10.509
751,2.332,6.881,1.518,10.732
752,2.336,6.609,1.495,10.44
753,2.366,6.66,1.528,10.554
754,2.343,6.727,1.502,10.572
755,2.423,6.821,1.626,10.87
756,2.513,7.007,1.542,11.063
757,2.364,6.615,1.498,10.477
758,2.406,6.913,1.524,10.844
759,2.377,6.627,1.68,10.684
760,2.367,6.731,1.569,10.668
761,2.477,6.625,1.496,10.597
762,2.41,6.805,1.525,10.74
763,2.354,9.467,2.075,13.896
764,2.855,9.421,1.543,13.819
765,2.43,6.867,1.509,10.807
766,2.372,7.043,1.511,10.927
767,2.55,6.727,1.503,10.78
768,2.434,6.617,1.515,10.566
769,2.358,6.81,1.56,10.729
770,2.36,6.678,1.557,10.595
771,2.464,6.67,1.526,10.661
772,2.441,6.68,1.508,10.628
773,2.347,6.728,1.5,10.575
774,2.335,6.62,1.514,10.469
775,2.332,6.519,1.507,10.357
776,2.385,8.829,1.59,12.803
777,2.393,6.883,1.589,10.864
778,2.538,6.861,1.63,11.028
779,2.385,6.577,1.498,10.46
780,2.358,6.559,1.446,10.363
781,2.359,6.574,1.65,10.583
782,2.704,6.519,1.497,10.72
783,2.466,6.526,1.502,10.495
784,2.395,6.592,1.492,10.479
785,2.35,6.75,1.42,10.52
786,2.374,6.852,1.561,10.787
787,2.387,7.156,1.546,11.089
788,2.45,6.483,1.497,10.43
789,2.438,6.732,1.512,10.681
790,2.443,6.569,1.525,10.538
791,2.329,6.536,1.505,10.371
792,2.351,6.688,1.521,10.56
793,2.381,6.565,1.489,10.436
794,2.354,6.765,1.49,10.61
795,2.414,6.61,1.493,10.517
796,2.388,6.784,1.502,10.674
797,2.328,6.593,1.499,10.419
798,2.353,6.561,1.431,10.345
799,2.346,6.546,1.504,10.396
800,2.346,6.54,1.498,10.385
801,2.416,6.722,1.573,10.712
802,2.427,6.645,1.501,10.573
803,2.401,6.784,1.438,10.624
804,2.349,7.144,1.485,10.979
805,2.57,6.943,1.497,11.011
806,2.345,6.621,1.518,10.483
807,2.397,6.529,1.504,10.429
808,2.384,6.599,1.512,10.495
809,2.441,6.68,1.488,10.609
810,2.432,7.224,1.5,11.156
811,2.373,6.624,1.439,10.436
812,2.331,10.533,2.213,15.077
813,2.76,12.542,2.638,17.94
814,3.039,8.482,1.533,13.055
815,2.421,6.612,1.511,10.544
816,2.348,6.645,1.516,10.508
817,2.369,6.532,1.496,10.398
818,2.367,6.598,1.488,10.453
819,2.343,6.682,1.495,10.52
820,2.423,6.731,1.503,10.657
821,2.393,6.559,1.483,10.435
822,2.669,7.901,1.507,12.077
823,2.379,6.635,1.519,10.532
824,2.357,6.571,1.494,10.421
825,2.366,6.586,1.513,10.465
826,2.377,6.724,1.492,10.593
827,2.413,6.851,1.495,10.76
828,2.382,6.675,2.093,11.15
829,2.657,6.619,1.452,10.729
830,2.469,6.52,1.592,10.582
831,2.391,6.928,1.543,10.862
832,2.377,6.834,1.516,10.727
833,2.327,6.678,1.426,10.431
834,2.329,6.751,1.512,10.592
835,2.354,6.725,1.477,10.556
836,2.36,6.585,1.525,10.47
837,2.47,6.748,1.517,10.735
838,2.414,6.586,1.437,10.437
839,2.361,7.142,1.445,10.948
840,2.413,6.708,1.531,10.651
841,2.363,6.751,1.493,10.607
842,2.388,6.577,1.495,10.46
843,2.387,6.581,1.499,10.466
844,2.378,6.818,1.445,10.641
845,2.426,6.911,1.486,10.823
846,2.39,6.661,1.514,10.565
847,2.41,6.671,1.488,10.57
848,2.392,6.539,1.523,10.454
849,2.357,6.591,1.485,10.433
850,2.446,6.652,1.522,10.619
851,2.399,6.801,1.525,10.725
852,2.359,6.678,1.531,10.568
853,2.349,6.682,1.505,10.535
854,2.377,6.899,1.594,10.87
855,2.608,11.025,2.063,15.696
856,2.98,8.331,1.511,12.822
857,2.501,6.771,1.499,10.772
858,2.545,7.26,1.505,11.311
859,2.369,6.562,1.503,10.434
860,2.348,6.593,1.522,10.463
861,2.351,6.59,1.499,10.44
862,2.329,6.627,1.514,10.47
863,2.368,6.579,1.501,10.448
864,2.375,6.598,1.514,10.487
865,2.359,7.037,1.525,10.922
866,2.353,6.621,1.487,10.462
867,2.372,6.576,1.746,10.694
868,2.638,6.68,1.523,10.841
869,2.331,6.782,1.838,10.951
870,2.458,6.573,1.548,10.579
871,2.361,6.829,1.485,10.676
872,2.376,6.572,1.51,10.459
873,2.357,6.618,1.508,10.483
874,2.368,6.56,1.594,10.522
875,2.359,6.552,1.491,10.402
876,2.382,6.529,1.511,10.422
877,2.324,8.997,1.554,12.875
878,2.487,6.549,1.438,10.474
879,2.508,6.518,1.51,10.537
880,2.361,6.66,1.501,10.522
881,2.422,6.636,1.507,10.565
882,2.372,6.539,1.697,10.608
883,2.377,6.706,1.443,10.525
884,2.405,6.546,1.518,10.469
885,2.369,6.619,1.428,10.415
886,2.349,6.594,1.557,10.501
887,2.367,6.585,1.439,10.391
888,2.441,6.403,1.426,10.27
889,2.436,6.504,1.566,10.506
890,2.367,6.6,1.504,10.471
891,2.501,6.505,1.435,10.441
892,2.372,6.546,1.509,10.427
893,2.36,6.69,1.445,10.494
894,2.348,7.041,1.489,10.878
895,2.43,6.678,1.509,10.617
896,2.355,6.898,1.494,10.747
897,2.373,6.546,1.497,10.416
898,2.367,6.753,1.494,10.614
899,2.382,6.647,1.431,10.46
900,2.331,6.68,1.5,10.511
901,2.588,6.688,1.513,10.79
902,2.331,6.711,1.441,10.483
903,2.49,6.693,1.518,10.7
904,2.422,6.679,1.821,10.921
905,2.618,7.516,1.514,11.648
906,2.377,6.778,1.685,10.841
907,2.513,11.32,2.629,16.462
908,2.85,13.208,2.305,18.363
909,2.524,6.91,1.506,10.94
910,2.382,6.695,1.499,10.576
911,2.487,6.776,1.989,11.252
912,2.539,6.829,1.444,10.811
913,2.368,6.836,1.516,10.72
914,2.563,6.677,1.505,10.745
915,2.373,6.574,1.495,10.442
916,2.379,6.581,1.519,10.479
917,2.333,6.599,1.559,10.491
918,2.398,7.01,1.494,10.902
919,2.341,6.625,1.506,10.472
920,2.365,7.868,1.515,11.748
921,2.48,6.698,1.618,10.796
922,2.366,6.703,2.151,11.22
923,2.88,6.586,1.595,11.06
924,2.469,6.711,1.521,10.702
925,2.353,6.624,1.487,10.464
926,2.389,6.599,1.5,10.488
927,2.408,6.797,1.586,10.79
928,2.47,6.841,1.499,10.81
929,2.344,6.785,1.674,10.802
930,2.351,6.634,1.503,10.487
931,2.353,6.994,1.589,10.937
932,2.417,6.797,1.511,10.724
933,2.405,6.626,1.552,10.583
934,2.436,6.736,1.508,10.681
935,2.39,6.898,1.518,10.807
936,2.528,6.728,1.496,10.752
937,2.397,6.635,1.5,10.533
938,2.405,6.636,1.579,10.619
939,2.393,6.67,1.508,10.571
940,2.362,6.632,1.509,10.504
941,2.333,6.783,1.495,10.611
942,2.374,6.846,1.496,10.717
943,2.324,6.609,1.511,10.444
944,2.329,6.595,1.498,10.422
945,2.353,6.606,1.503,10.462
946,2.354,9.172,2.132,13.657
947,2.781,9.421,1.51,13.711
948,2.421,6.557,1.52,10.498
949,2.38,7.187,1.586,11.152
950,2.447,6.679,1.599,10.724
951,2.52,6.586,1.499,10.605
952,2.442,6.674,1.495,10.612
953,2.444,7.078,1.431,10.953
954,2.385,6.762,1.549,10.695
955,2.384,6.596,1.496,10.476
956,2.448,6.658,1.623,10.729
957,2.487,6.833,1.506,10.826
958,2.424,6.897,1.505,10.825
959,2.483,7.482,1.492,11.457
960,2.565,7.028,1.573,11.166
961,2.488,6.553,1.565,10.606
962,2.537,6.863,1.447,10.846
963,2.335,6.734,1.561,10.63
964,2.715,6.925,1.58,11.22
965,2.396,6.776,1.568,10.739
966,2.43,6.751,1.488,10.668
967,2.345,6.684,1.53,10.558
968,2.346,7.537,1.514,11.397
969,2.332,6.953,1.485,10.77
970,2.421,6.726,1.434,10.581
971,2.402,6.588,1.5,10.489
972,2.334,6.653,1.441,10.428
973,2.343,6.618,1.498,10.458
974,2.486,6.618,1.57,10.675
975,2.507,6.855,1.515,10.877
976,2.343,6.699,1.51,10.552
977,2.34,6.596,1.488,10.424
978,2.429,8.445,1.578,12.452
979,2.608,6.631,1.507,10.746
980,2.371,6.857,1.496,10.724
981,2.414,6.645,1.509,10.567
982,2.405,6.783,1.507,10.695
983,2.361,6.587,1.5,10.448
984,2.345,6.924,1.483,10.752
985,2.364,6.74,1.567,10.671
986,2.505,6.604,1.491,10.6
987,2.382,6.746,1.487,10.615
988,2.396,6.647,1.51,10.554
989,2.405,6.636,1.496,10.537
990,2.355,6.633,1.511,10.499
991,2.375,6.604,1.497,10.476
992,2.433,6.629,1.506,10.568
993,2.407,6.702,1.495,10.604
994,2.492,6.618,1.433,10.543
995,2.371,7.282,1.492,11.144
996,2.406,6.833,1.447,10.686
997,2.335,6.758,1.585,10.679
998,2.366,6.602,1.486,10.454
999,2.362,6.624,1.515,10.5
1000,2.389,6.606,1.504,10.499
1001,2.371,10.98,2.259,15.609
1002,2.896,13.014,2.625,18.534
1003,2.849,6.955,1.466,11.27
1004,2.407,6.586,1.707,10.699
1005,2.351,6.722,1.497,10.57
1006,2.417,6.599,1.5,10.516
1007,2.336,6.598,1.495,10.43
1008,2.368,6.589,1.496,10.454
1009,2.428,6.579,1.515,10.522
1010,2.337,6.602,1.439,10.377
1011,2.381,6.799,1.658,10.837
1012,2.842,6.953,1.498,11.293
1013,2.754,6.652,1.533,10.939
1014,2.394,6.625,1.536,10.555
1015,2.387,6.878,1.611,10.876
1016,2.357,6.57,1.495,10.422
1017,2.371,6.568,1.834,10.773
1018,2.61,9.75,2.031,14.391
1019,2.782,7.692,1.505,11.979
1020,2.387,6.748,1.511,10.646
1021,2.521,6.811,1.438,10.769
1022,2.351,6.638,1.504,10.493
1023,2.643,8.086,1.54,12.27
1024,2.447,6.964,1.531,10.943
1025,2.349,6.708,1.494,10.55
1026,2.344,6.775,1.439,10.558
1027,2.385,6.602,1.505,10.492
1028,2.406,6.704,1.497,10.607
1029,2.382,6.691,1.496,10.569
1030,2.364,6.62,1.489,10.473
1031,2.351,6.62,1.506,10.478
1032,2.343,6.775,1.507,10.626
1033,2.333,6.815,1.497,10.645
1034,2.382,6.635,1.503,10.521
1035,2.384,6.604,1.501,10.489
1036,2.391,6.54,1.501,10.432
1037,2.57,7.963,1.56,12.093
1038,2.45,8.604,1.619,12.673
1039,2.416,6.618,1.501,10.535
1040,2.381,6.648,1.563,10.593
1041,2.493,6.766,1.52,10.779
1042,2.378,6.595,1.504,10.477
1043,2.374,6.711,1.61,10.695
1044,2.347,6.578,1.493,10.418
1045,2.357,6.582,1.481,10.42
1046,2.386,6.605,1.489,10.48
1047,2.422,6.664,1.436,10.521
1048,2.477,6.584,1.507,10.569
1049,2.368,6.586,1.495,10.448
1050,2.392,6.997,1.494,10.883
1051,2.389,6.524,1.717,10.63
1052,2.359,6.92,1.513,10.793
1053,2.356,6.663,1.498,10.517
1054,2.385,6.869,1.425,10.679
1055,2.358,6.607,1.51,10.476
1056,2.395,6.534,1.478,10.406
1057,2.437,6.655,1.506,10.598
1058,2.376,6.581,1.49,10.447
1059,2.359,6.641,1.516,10.516
1060,2.381,6.9,1.507,10.788
1061,2.345,6.814,1.511,10.67
1062,2.365,6.588,1.51,10.464
1063,2.401,6.555,1.66,10.616
1064,2.497,6.637,1.441,10.575
1065,2.332,6.563,1.492,10.388
1066,2.362,6.81,1.492,10.663
1067,2.383,6.595,1.535,10.514
1068,2.341,6.657,1.485,10.484
1069,2.344,6.629,1.837,10.81
1070,2.406,6.969,1.427,10.802
1071,2.355,6.637,1.493,10.485
1072,2.357,6.549,1.482,10.389
1073,2.473,6.59,1.487,10.551
1074,2.335,6.54,1.617,10.493
1075,2.354,6.559,1.503,10.416
1076,2.329,6.695,1.441,10.465
1077,2.33,6.736,1.56,10.626
1078,2.328,6.571,1.483,10.382
1079,2.339,8.568,1.517,12.425
1080,2.344,6.768,1.516,10.628
1081,2.451,6.537,1.505,10.493
1082,2.346,6.594,1.499,10.439
1083,2.405,6.736,1.434,10.575
1084,2.355,6.617,1.503,10.475
1085,2.368,6.572,1.502,10.442
1086,2.328,6.582,1.487,10.398
1087,2.332,6.821,1.486,10.64
1088,2.385,6.795,1.499,10.68
1089,2.352,6.807,1.498,10.657
1090,2.327,6.658,1.432,10.416
1091,2.357,6.493,1.436,10.286
1092,2.415,6.434,1.575,10.424
1093,2.363,6.759,1.488,10.61
1094,2.333,6.672,1.422,10.428
1095,2.361,6.732,1.543,10.636
1096,2.703,11.327,2.241,16.272
1097,2.797,13.293,2.213,18.303
1098,2.518,6.79,1.501,10.809
1099,2.367,6.961,1.536,10.864
1100,2.367,6.931,1.471,10.769
1101,2.428,6.632,1.553,10.613
1102,2.364,6.695,1.511,10.57
1103,2.429,7.484,1.808,11.721
1104,2.543,6.962,1.619,11.123
1105,2.52,6.815,1.587,10.922
1106,2.517,6.925,1.508,10.95
1107,2.403,6.918,1.455,10.776
1108,2.422,6.513,1.507,10.441
1109,2.412,8.981,2.042,13.435
1110,2.949,9.329,1.58,13.858
1111,2.454,6.609,1.539,10.602
1112,2.404,6.719,1.518,10.641
1113,2.417,6.935,1.516,10.869
1114,2.423,7.072,1.614,11.11
1115,2.613,7.106,1.521,11.239
1116,2.395,6.655,1.501,10.551
1117,2.459,6.615,1.496,10.57
1118,2.414,6.602,1.489,10.504
1119,2.351,6.577,1.487,10.415
1120,2.359,6.622,1.496,10.477
1121,2.406,6.715,1.435,10.557
1122,2.389,6.863,1.492,10.744
1123,2.367,6.598,1.509,10.474
1124,2.407,8.37,1.528,12.305
1125,2.37,6.594,1.493,10.458
1126,2.359,6.628,1.512,10.498
1127,2.413,6.602,1.508,10.522
1128,2.34,8.342,1.553,12.235
1129,2.465,6.525,1.496,10.486
1130,2.614,8.079,1.515,12.209
1131,2.472,6.558,1.487,10.518
1132,2.402,6.709,1.519,10.63
1133,2.325,6.63,1.496,10.452
1134,2.61,6.605,1.494,10.709
1135,2.429,7.028,1.522,10.978
1136,2.42,7.208,1.496,11.124
1137,2.335,6.661,1.584,10.579
1138,2.61,6.732,1.53,10.872
1139,2.433,6.868,1.512,10.813
1140,2.429,6.614,1.436,10.479
1141,2.39,6.926,1.568,10.885
1142,2.38,6.753,1.501,10.633
1143,2.525,6.994,1.699,11.218
1144,2.404,6.769,1.507,10.68
1145,2.364,6.688,1.512,10.564
1146,2.376,6.805,1.481,10.662
1147,2.366,6.676,1.594,10.636
1148,2.334,6.574,1.438,10.347
1149,2.433,6.601,1.544,10.577
1150,2.39,6.619,1.499,10.507
1151,2.349,6.702,1.73,10.781
1152,2.429,6.775,1.663,10.868
1153,2.482,6.544,1.504,10.53
1154,2.424,6.672,1.482,10.578
1155,2.51,6.628,1.545,10.683
1156,2.433,6.614,1.501,10.548
1157,2.338,6.544,1.479,10.361
1158,2.386,6.712,1.512,10.611
1159,2.351,6.788,1.498,10.636
1160,2.372,6.764,1.443,10.579
1161,2.351,6.854,1.638,10.843
1162,2.39,6.608,1.493,10.491
1163,2.366,6.619,1.492,10.477
1164,2.365,6.646,1.501,10.511
1165,2.351,6.625,1.424,10.4
1166,2.373,6.595,1.496,10.463
1167,2.354,6.655,1.494,10.503
1168,2.474,6.685,1.627,10.786
1169,2.385,6.519,1.493,10.397
1170,2.401,7.454,2.207,12.063
1171,2.486,6.635,1.436,10.557
1172,2.402,6.531,1.496,10.429
1173,2.327,6.635,1.452,10.413
1174,2.334,6.7,1.512,10.546
1175,2.328,6.782,1.515,10.624
1176,2.377,6.594,1.507,10.478
1177,2.398,6.607,1.498,10.503
1178,2.63,6.606,1.492,10.728
1179,2.364,6.856,1.503,10.723
1180,2.449,6.819,1.513,10.781
1181,2.338,6.713,1.558,10.609
1182,2.396,6.895,1.532,10.824
1183,2.35,6.708,1.496,10.554
1184,2.405,6.592,1.5,10.496
1185,2.349,6.582,1.492,10.423
1186,2.396,6.766,1.498,10.661
1187,2.45,6.577,1.5,10.526
1188,2.363,6.6,1.513,10.476
1189,2.35,7.531,1.442,11.323
1190,2.426,11.336,2.27,16.032
1191,2.814,13.1,2.344,18.258
1192,2.578,8.69,1.503,12.771
1193,2.425,6.623,1.51,10.558
1194,2.415,6.808,2.229,11.453
1195,2.576,6.78,1.504,10.86
1196,2.347,6.782,1.486,10.615
1197,2.371,6.904,1.515,10.79
1198,2.366,6.719,1.486,10.571
1199,2.361,6.627,1.493,10.481
1200,2.37,9.372,2.013,13.756
1201,2.788,8.855,1.525,13.168
1202,2.337,6.843,1.51,10.69
1203,2.396,6.94,1.519,10.856
1204,2.377,6.831,1.5,10.708
1205,2.375,6.867,1.514,10.757
1206,2.49,6.524,1.508,10.522
1207,2.56,6.835,1.522,10.918
1208,2.348,6.606,1.503,10.457
1209,2.396,6.744,1.49,10.63
1210,2.383,6.773,1.507,10.664
1211,2.373,6.569,1.494,10.436
1212,2.52,6.725,1.493,10.738
1213,2.381,6.588,1.504,10.474
1214,2.435,6.64,1.444,10.519
1215,2.356,6.743,1.713,10.812
1216,2.339,6.573,1.501,10.414
1217,2.348,6.605,1.498,10.45
1218,2.339,6.609,1.49,10.438
1219,2.354,6.869,1.422,10.645
1220,2.369,6.745,1.502,10.615
1221,2.329,6.801,2.229,11.359
1222,2.709,6.95,1.512,11.172
1223,2.345,6.694,1.505,10.544
1224,2.359,7.171,2.284,11.815
1225,2.491,6.559,1.516,10.566
1226,2.359,7.084,1.498,10.941
1227,2.351,6.966,1.503,10.821
1228,2.361,6.606,1.523,10.49
1229,2.371,6.607,1.492,10.47
1230,2.39,6.886,1.433,10.71
1231,2.428,6.637,1.52,10.585
1232,2.384,6.685,1.589,10.658
1233,2.405,6.77,1.437,10.612
1234,2.392,6.745,1.692,10.828
1235,2.386,6.666,1.563,10.615
1236,2.363,6.571,1.483,10.417
1237,2.365,6.748,1.507,10.621
1238,2.429,6.966,1.518,10.913
1239,2.381,6.674,1.49,10.545
1240,2.397,6.692,1.492,10.582
1241,2.41,6.591,1.491,10.492
1242,2.388,6.634,1.454,10.477
1243,2.324,6.716,1.569,10.609
1244,2.635,7.424,1.498,11.557
1245,2.344,7.442,1.511,11.297
1246,2.391,6.669,1.487,10.547
1247,2.368,6.603,1.603,10.574
1248,2.341,6.592,1.49,10.422
1249,2.371,6.926,1.49,10.787
1250,2.357,6.689,1.512,10.558
1251,2.578,6.652,1.501,10.73
1252,2.362,6.914,1.506,10.782
1253,2.546,6.598,1.573,10.717
1254,2.456,6.515,1.518,10.489
1255,2.382,6.659,1.516,10.556
1256,2.377,6.611,1.501,10.489
1257,2.34,6.66,1.494,10.494
1258,2.376,6.564,1.496,10.437
1259,2.361,6.776,1.53,10.667
1260,2.528,6.464,1.494,10.485
1261,2.359,6.78,1.507,10.646
1262,2.39,6.562,1.494,10.445
1263,2.447,6.783,1.437,10.668
1264,2.39,6.585,1.516,10.491
1265,2.358,6.636,1.44,10.435
1266,2.374,6.547,1.503,10.424
1267,2.381,6.545,1.483,10.41
1268,2.443,6.61,1.489,10.543
1269,2.335,6.62,2.12,11.075
1270,2.75,6.903,1.514,11.167
1271,2.405,8.643,1.554,12.602
1272,2.5,6.523,1.512,10.536
1273,2.441,6.624,1.523,10.588
1274,2.399,6.625,1.489,10.513
1275,2.373,6.633,1.502,10.508
1276,2.363,6.685,1.503,10.551
1277,2.413,6.641,1.494,10.549
1278,2.578,6.724,1.489,10.792
1279,2.389,6.587,1.497,10.472
1280,2.442,6.957,1.49,10.889
1281,2.423,6.759,1.445,10.626
1282,2.44,6.545,1.511,10.496
1283,2.394,6.55,1.505,10.449
1284,2.406,10.031,2.383,14.82
1285,2.765,12.202,2.65,17.617
1286,3.0,9.139,1.541,13.681
1287,2.581,6.758,1.505,10.843
1288,2.441,6.527,1.582,10.549
1289,2.628,6.62,1.521,10.768
1290,2.341,6.574,1.492,10.406
1291,2.355,6.612,1.545,10.512
1292,2.364,6.609,1.48,10.453
1293,2.363,6.688,1.623,10.675
1294,2.353,6.848,1.552,10.753
1295,2.327,6.8,1.497,10.624
1296,2.346,6.595,1.494,10.435
1297,2.367,6.705,1.51,10.582
1298,2.354,7.115,1.496,10.966
1299,2.35,6.8,1.573,10.723
1300,2.566,6.715,1.491,10.773
1301,2.328,6.71,1.533,10.572
1302,2.419,6.738,1.509,10.666
1303,2.333,6.625,1.433,10.391
1304,2.355,6.704,1.505,10.564
1305,2.409,6.566,1.497,10.472
1306,2.394,6.589,1.514,10.497
1307,2.333,7.051,1.623,11.007
1308,2.326,6.586,1.483,10.395
1309,2.335,6.614,1.505,10.455
1310,2.361,6.624,1.491,10.476
1311,2.371,8.315,2.176,12.862
1312,2.908,9.574,1.508,13.99
1313,2.467,8.496,1.625,12.587
1314,2.459,7.142,1.609,11.21
1315,2.483,6.553,1.572,10.608
1316,2.449,6.637,1.493,10.579
1317,2.387,6.881,1.432,10.699
1318,2.471,6.564,1.517,10.552
1319,2.342,6.575,1.506,10.424
1320,2.349,6.782,1.506,10.637
1321,2.417,6.529,1.504,10.45
1322,2.34,6.592,1.59,10.522
1323,2.348,6.588,1.487,10.423
1324,2.346,7.084,1.51,10.941
1325,2.339,7.321,2.325,11.984
1326,2.394,6.784,1.442,10.62
1327,2.389,6.568,1.498,10.456
1328,2.323,6.667,1.425,10.415
1329,2.326,6.6,1.494,10.421
1330,2.391,6.714,1.495,10.599
1331,2.382,6.596,1.505,10.483
1332,2.36,6.636,1.495,10.491
1333,2.331,6.609,1.511,10.451
1334,2.499,6.71,1.49,10.698
1335,2.422,6.856,1.494,10.771
1336,2.381,6.623,1.517,10.521
1337,2.371,6.578,1.489,10.438
1338,2.356,6.571,1.51,10.437
1339,2.439,6.625,1.502,10.565
1340,2.389,6.604,1.487,10.48
1341,2.342,6.623,1.509,10.474
1342,2.386,6.814,1.489,10.689
1343,2.343,6.611,1.574,10.529
1344,2.347,6.93,1.495,10.772
1345,2.429,6.605,1.481,10.515
1346,2.357,6.572,1.518,10.447
1347,2.611,6.606,1.487,10.703
1348,2.342,6.593,1.558,10.492
1349,2.421,6.57,1.494,10.485
1350,2.337,6.557,1.569,10.463
1351,2.402,6.767,1.513,10.682
1352,2.326,6.645,1.688,10.659
1353,2.397,6.611,1.425,10.433
1354,2.527,6.519,1.524,10.57
1355,2.357,6.625,1.424,10.406
1356,2.363,6.479,1.45,10.292
1357,2.446,6.513,1.558,10.517
1358,2.331,6.602,1.506,10.44
1359,2.392,6.555,1.483,10.43
1360,2.421,6.762,1.515,10.698
1361,2.478,8.15,1.789,12.418
1362,2.72,8.822,1.572,13.113
1363,2.48,6.724,1.433,10.637
1364,2.351,6.875,1.52,10.746
1365,2.321,6.644,1.519,10.484
1366,2.366,6.594,1.508,10.469
1367,2.453,6.593,1.508,10.554
1368,2.399,6.557,1.49,10.446
1369,2.326,6.857,1.513,10.697
1370,2.397,6.573,1.469,10.439
1371,2.373,6.642,1.52,10.534
1372,2.426,8.736,1.509,12.671
1373,2.383,6.762,1.499,10.645
1374,2.394,6.506,1.524,10.424
1375,2.329,6.729,1.492,10.551
1376,2.347,6.625,1.517,10.489
1377,2.384,6.551,1.497,10.432
1378,2.391,6.594,1.857,10.841
1379,2.838,12.86,2.267,17.965
1380,2.921,13.711,1.987,18.619
1381,2.55,6.977,1.599,11.126
1382,2.503,6.609,1.527,10.64
1383,2.347,6.954,1.549,10.849
1384,2.327,6.669,1.505,10.5
1385,2.337,6.62,1.517,10.473
1386,2.366,6.827,1.527,10.721
1387,2.44,6.598,1.532,10.57
1388,2.488,6.624,1.691,10.804
1389,2.344,6.735,1.514,10.593
1390,2.381,6.837,1.484,10.701
1391,2.41,7.037,1.669,11.116
1392,2.45,6.944,1.503,10.897
1393,2.414,6.722,1.449,10.584
1394,2.504,6.867,1.476,10.847
1395,2.35,6.804,1.585,10.739
1396,2.402,6.731,1.49,10.623
1397,2.475,6.721,1.453,10.648
1398,2.494,6.435,1.777,10.706
1399,2.498,6.753,1.598,10.849
1400,2.329,6.599,1.485,10.413
1401,2.372,6.628,1.548,10.549
1402,2.402,8.402,2.168,12.972
1403,2.931,9.826,1.506,14.263
1404,2.466,6.602,1.897,10.965
1405,2.77,7.56,1.491,11.821
1406,2.449,6.708,1.543,10.7
1407,2.346,6.983,1.523,10.853
1408,2.88,6.657,1.515,11.052
1409,2.452,6.623,1.496,10.571
1410,2.37,6.725,1.424,10.518
1411,2.389,6.599,1.512,10.5
1412,2.345,6.666,1.428,10.439
1413,2.517,6.551,1.527,10.595
1414,2.477,6.702,1.489,10.668
1415,2.373,6.924,1.497,10.794
1416,2.392,6.625,1.911,10.928
1417,2.507,7.022,1.587,11.116
1418,2.433,6.689,1.434,10.556
1419,2.421,6.616,1.516,10.553
1420,2.364,6.621,1.42,10.405
1421,2.484,6.57,1.523,10.576
1422,2.543,6.919,1.53,10.993
1423,2.398,6.814,1.504,10.716
1424,2.466,6.487,1.441,10.395
1425,2.464,11.769,2.427,16.66
1426,2.882,6.626,1.536,11.044
1427,2.364,6.89,1.597,10.851
1428,2.351,6.81,1.498,10.659
1429,2.423,6.618,1.489,10.529
1430,2.36,6.889,1.514,10.763
1431,2.507,6.739,1.508,10.754
1432,2.495,6.538,1.505,10.538
1433,2.342,6.604,1.514,10.46
1434,2.442,6.598,1.613,10.654
1435,2.59,6.599,1.446,10.636
1436,2.403,6.614,1.492,10.509
1437,2.389,6.655,1.489,10.533
1438,2.366,6.606,1.509,10.481
1439,2.395,6.825,1.482,10.702
1440,2.399,6.582,1.486,10.466
1441,2.36,6.698,1.587,10.645
1442,2.424,6.533,1.437,10.394
1443,2.363,6.553,1.72,10.636
1444,2.398,6.683,1.483,10.565
1445,2.551,6.672,1.434,10.657
1446,2.426,6.471,1.425,10.322
1447,2.45,7.001,1.513,10.964
1448,2.521,6.564,1.495,10.579
1449,2.569,6.591,1.503,10.664
1450,2.404,6.701,1.674,10.779
1451,2.386,7.528,2.089,12.004
1452,2.438,6.727,1.506,10.672
1453,2.396,7.123,1.509,11.027
1454,2.368,6.628,1.485,10.48
1455,2.411,6.631,1.517,10.56
1456,2.327,6.627,1.531,10.485
1457,2.442,6.705,1.482,10.628
1458,2.328,6.598,1.532,10.458
1459,2.352,6.77,1.872,10.994
1460,2.782,6.656,1.501,10.939
1461,2.361,6.644,1.504,10.508
1462,2.608,7.274,1.517,11.399
1463,2.483,6.559,1.499,10.541
1464,2.344,6.596,1.497,10.437
1465,2.424,6.583,1.555,10.563
1466,2.427,6.627,1.509,10.562
1467,2.437,6.61,1.501,10.548
1468,2.393,6.607,1.489,10.488
1469,2.384,6.805,1.702,10.89
1470,2.795,6.968,1.564,11.328
1471,2.463,6.615,1.495,10.573
1472,2.387,11.473,2.314,16.174
1473,2.793,12.506,2.594,17.893
1474,3.063,9.549,1.839,14.45
1475,2.685,7.292,1.744,11.722
1476,2.429,7.38,3.694,13.502
1477,3.164,11.905,2.437,17.506
1478,3.108,10.572,2.811,16.491
1479,2.798,7.773,1.66,12.231
1480,2.411,7.225,1.587,11.223
1481,2.509,7.385,1.65,11.543
1482,2.72,7.138,1.602,11.459
1483,2.644,7.377,1.674,11.694
1484,2.481,7.576,1.644,11.701
1485,2.529,7.598,1.738,11.864
1486,2.609,7.239,1.727,11.574
1487,3.086,7.472,1.745,12.302
1488,2.596,7.235,1.571,11.402
1489,2.517,7.02,1.644,11.181
1490,2.451,9.49,1.948,13.89
1491,2.917,9.051,1.502,13.471
1492,2.505,6.834,1.485,10.824
1493,2.515,8.467,1.662,12.645
1494,2.447,6.608,1.5,10.556
1495,2.429,6.765,1.501,10.696
1496,2.457,6.84,1.455,10.752
1497,2.401,6.591,1.498,10.49
1498,2.359,6.71,1.479,10.548
1499,2.356,6.794,1.497,10.648
1500,2.37,6.732,1.505,10.607
1501,2.475,6.607,1.499,10.581
1502,2.52,6.521,1.545,10.586
1503,2.522,6.605,1.549,10.676
1504,2.416,6.934,1.504,10.854
1505,2.561,6.546,1.532,10.639
1506,2.441,6.83,1.427,10.698
1507,2.375,6.645,1.507,10.527
1508,2.413,6.681,1.55,10.644
1509,2.399,6.646,1.503,10.548
1510,2.335,6.611,1.517,10.462
1511,2.43,6.783,1.428,10.64
1512,2.548,6.609,1.596,10.752
1513,2.426,6.56,1.486,10.471
1514,2.366,7.319,1.506,11.192
1515,2.37,6.748,1.492,10.609
1516,2.348,6.642,1.503,10.494
1517,2.461,6.573,1.488,10.521
1518,2.441,6.647,1.478,10.566
1519,2.42,6.581,1.48,10.482
1520,2.401,6.717,1.498,10.615
1521,2.396,6.59,1.494,10.48
1522,2.369,6.852,1.489,10.71
1523,2.527,6.834,2.057,11.418
1524,2.795,6.593,1.508,10.895
1525,2.442,6.6,1.492,10.534
1526,2.442,6.678,1.44,10.559
1527,2.381,6.604,1.498,10.483
1528,2.367,6.625,1.416,10.408
1529,2.453,6.706,1.65,10.809
1530,2.453,6.736,1.493,10.682
1531,2.41,6.626,1.499,10.534
1532,2.561,6.62,1.482,10.663
1533,2.36,6.673,1.496,10.529
1534,2.393,6.604,1.426,10.423
1535,2.481,6.568,1.503,10.552
1536,2.397,6.714,1.492,10.604
1537,2.412,6.863,1.439,10.715
1538,2.381,6.713,1.514,10.609
1539,2.355,7.178,1.573,11.106
1540,2.458,6.551,1.488,10.497
1541,2.427,6.607,1.486,10.52
1542,2.62,6.953,1.451,11.023
1543,2.424,6.604,1.503,10.531
1544,2.417,6.644,1.52,10.58
1545,2.603,6.601,1.438,10.642
1546,2.597,6.724,1.497,10.818
1547,2.492,6.654,1.5,10.645
1548,2.54,6.713,1.5,10.754
1549,2.385,6.584,1.497,10.466
1550,2.444,6.627,1.499,10.57
1551,2.513,6.526,1.683,10.722
1552,2.413,6.64,1.5,10.553
1553,2.417,6.95,1.562,10.929
1554,2.664,6.816,1.552,11.033
1555,2.402,7.033,1.486,10.922
1556,2.353,6.784,1.499,10.636
1557,2.453,6.573,1.714,10.74
1558,2.516,8.217,1.591,12.324
1559,2.466,6.92,1.515,10.901
1560,2.641,6.929,1.521,11.091
1561,2.672,6.604,1.678,10.955
1562,2.376,6.787,1.508,10.672
1563,2.683,13.144,2.74,18.567
1564,3.838,16.501,4.147,24.485
1565,3.007,14.642,2.557,20.206
1566,4.478,11.04,2.308,17.825
1567,2.968,12.605,2.343,17.916
1568,3.293,12.099,2.607,17.999
1569,3.299,13.52,2.409,19.227
1570,2.908,12.189,2.145,17.243
1571,2.717,12.622,2.378,17.717
1572,2.897,12.749,2.275,17.921
1573,2.798,9.143,2.25,14.192
1574,3.649,12.118,2.4,18.167
1575,3.121,11.281,1.926,16.328
1576,2.883,9.035,3.309,15.227
1577,2.857,9.57,1.868,14.295
1578,2.701,9.061,1.87,13.631
1579,2.787,8.976,1.863,13.626
1580,2.739,8.732,1.844,13.316
1581,2.707,8.752,1.874,13.332
1582,2.659,8.828,1.847,13.334
1583,2.783,8.706,1.899,13.388
1584,2.728,9.096,1.868,13.693
1585,2.891,9.071,1.905,13.867
1586,2.955,8.779,1.856,13.59
1587,2.697,8.73,1.989,13.416
1588,2.707,8.688,1.814,13.208
1589,2.698,8.745,1.85,13.293
1590,2.77,8.7,1.82,13.289
1591,2.741,8.804,1.851,13.397
1592,2.788,8.76,1.901,13.448
1593,2.69,9.376,1.839,13.904
1594,2.699,8.703,1.803,13.204
1595,3.149,8.722,1.838,13.71
1596,2.698,8.735,1.811,13.243
1597,2.68,8.865,1.877,13.422
1598,2.708,8.775,1.803,13.285
1599,2.684,8.742,1.86,13.286
1600,2.66,8.868,1.851,13.379
1601,3.177,8.727,1.854,13.758
1602,2.706,8.683,1.824,13.213
1603,2.682,8.659,2.058,13.399
1604,2.837,8.667,1.83,13.334
1605,2.694,8.898,2.064,13.656
1606,2.86,8.662,1.844,13.366
1607,2.76,8.706,1.845,13.311
1608,2.926,12.854,1.781,17.562
1609,2.636,10.029,2.527,15.192
1610,2.842,8.824,1.829,13.496
1611,2.703,8.582,1.813,13.099
1612,2.67,8.602,1.775,13.047
1613,2.709,8.544,1.798,13.051
1614,2.659,8.513,2.012,13.184
1615,2.642,10.676,3.082,16.4
1616,3.042,8.581,1.849,13.472
1617,2.657,8.531,1.817,13.005
1618,2.683,8.533,1.801,13.017
1619,2.658,8.573,1.899,13.13
1620,2.674,8.597,1.774,13.046
1621,2.661,8.485,1.867,13.014
1622,2.899,8.886,1.82,13.605
1623,2.836,8.493,1.789,13.117
1624,2.67,8.463,1.803,12.936
1625,2.668,8.672,1.77,13.11
1626,2.662,8.406,1.772,12.84
1627,2.657,8.508,1.84,13.005
1628,2.841,10.205,1.91,14.956
1629,2.681,8.811,1.804,13.296
1630,2.657,8.817,1.803,13.277
1631,2.669,8.461,1.814,12.944
1632,2.67,9.53,1.822,14.022
1633,2.673,8.53,1.791,12.994
1634,2.663,13.396,1.842,17.902
1635,2.759,8.558,1.792,13.109
1636,2.668,11.799,1.835,16.302
1637,4.748,11.055,1.798,17.601
1638,4.683,10.756,2.111,17.55
1639,2.813,9.744,1.992,14.55
1640,4.828,10.571,1.963,17.362
1641,2.74,10.643,1.794,15.176
1642,2.776,9.307,1.976,14.059
1643,2.641,9.017,1.898,13.556
1644,2.661,8.844,1.863,13.369
1645,2.748,9.07,2.028,13.847
1646,2.997,10.831,2.551,16.379
1647,2.89,10.441,1.82,15.15
1648,5.927,9.053,2.579,17.558
1649,3.38,9.27,1.821,14.471
1650,2.676,8.818,2.001,13.495
1651,2.673,10.038,2.549,15.261
1652,2.804,12.179,3.919,18.901
1653,3.057,9.294,1.8,14.152
1654,3.243,14.275,2.343,19.862
1655,3.036,14.335,2.281,19.652
1656,2.911,14.306,2.3,19.517
1657,3.874,15.51,3.056,22.44
1658,3.616,14.442,1.888,19.946
1659,2.936,10.249,1.866,15.051
1660,2.886,8.815,1.843,13.545
1661,3.036,12.609,2.313,17.958
1662,2.88,11.904,1.868,16.651
1663,2.547,9.762,2.163,14.471
1664,3.059,12.353,2.322,17.734
1665,2.829,9.131,1.873,13.833
1666,2.889,8.855,1.855,13.599
1667,2.668,11.56,2.312,16.541
1668,2.865,10.884,2.118,15.867
1669,3.061,8.774,1.838,13.673
1670,2.68,8.648,1.821,13.149
1671,2.686,8.574,1.802,13.062
1672,2.738,11.636,2.453,16.828
1673,3.773,11.959,2.279,18.011
1674,2.834,9.836,1.904,14.573
1675,2.705,8.838,1.849,13.391
1676,2.743,8.951,2.017,13.711
1677,2.718,9.155,1.863,13.736
1678,2.722,9.029,1.89,13.641
1679,3.711,12.66,1.657,18.028
1680,3.515,10.487,1.915,15.918
1681,3.12,8.806,1.838,13.763
1682,2.669,8.896,1.976,13.541
1683,2.717,8.756,1.778,13.251
1684,2.684,8.78,2.031,13.495
1685,2.672,9.878,2.153,14.703
1686,2.932,10.488,2.011,15.43
1687,2.824,12.568,2.199,17.592
1688,2.959,9.617,2.111,14.686
1689,2.758,9.142,1.908,13.809
1690,2.669,8.781,2.04,13.49
1691,3.014,9.667,1.863,14.544
1692,2.675,8.841,2.041,13.557
1693,2.724,10.482,1.933,15.14
1694,3.316,10.068,2.136,15.521
1695,3.021,10.256,1.823,15.1
1696,2.702,8.838,1.883,13.423
1697,2.707,9.023,2.053,13.783
1698,2.703,8.831,1.945,13.479
1699,2.872,8.848,1.917,13.637
1700,2.693,8.748,1.834,13.276
1701,2.828,8.774,1.857,13.46
1702,2.699,8.733,1.936,13.369
1703,2.678,8.762,1.937,13.377
1704,2.727,8.961,1.829,13.517
1705,2.685,8.996,1.966,13.647
1706,2.83,8.806,1.871,13.507
1707,2.804,8.885,1.83,13.52
1708,2.675,11.392,2.043,16.111
1709,2.765,9.428,2.088,14.28
1710,3.23,9.546,2.19,14.966
1711,2.749,12.006,2.575,17.331
1712,3.281,12.603,2.245,18.129
1713,3.007,11.041,2.098,16.146
1714,3.03,8.92,1.867,13.817
1715,2.75,11.026,1.859,15.635
1716,2.691,10.046,1.869,14.606
1717,2.946,8.828,1.873,13.647
1718,3.031,8.853,1.856,13.739
1719,2.778,12.757,1.665,17.2
1720,2.93,10.153,2.166,15.248
1721,2.777,8.789,1.98,13.545
1722,2.652,8.599,1.818,13.07
1723,2.703,8.503,1.804,13.01
1724,2.668,8.439,1.8,12.907
1725,2.666,8.696,1.798,13.16
1726,2.661,8.664,1.883,13.208
1727,2.676,8.567,2.038,13.281
1728,2.727,8.849,1.829,13.404
1729,2.88,8.676,1.99,13.546
1730,2.761,8.697,1.831,13.289
1731,2.662,8.761,1.787,13.209
1732,2.654,8.594,1.823,13.071
1733,2.647,8.551,1.816,13.013
1734,2.649,8.628,1.942,13.219
1735,2.67,8.6,1.81,13.08
1736,2.751,8.504,1.96,13.216
1737,2.74,8.533,1.78,13.053
1738,2.655,8.513,1.784,12.952
1739,2.642,8.472,1.77,12.883
1740,2.654,8.704,1.815,13.173
1741,2.66,8.58,1.818,13.059
1742,2.689,8.686,1.906,13.281
1743,2.67,8.529,1.79,12.989
1744,2.67,8.5,1.854,13.024
1745,2.832,8.7,1.815,13.347
1746,2.672,8.68,1.81,13.161
1747,2.663,8.557,1.811,13.031
1748,2.657,8.512,1.819,12.988
1749,2.67,8.682,1.816,13.168
1750,2.674,10.101,1.898,14.673
1751,2.729,8.683,1.78,13.192
1752,3.236,8.541,1.82,13.597
1753,2.681,8.697,1.802,13.179
1754,2.663,8.734,1.785,13.182
1755,2.739,8.581,1.822,13.143
1756,2.687,8.56,1.825,13.072
1757,2.689,8.636,1.864,13.189
1758,2.672,8.751,1.778,13.201
1759,2.662,8.648,1.793,13.103
1760,2.64,8.484,1.773,12.896
1761,2.633,8.574,1.81,13.017
1762,2.976,8.612,1.801,13.388
1763,2.825,10.99,2.249,16.064
1764,2.853,12.699,2.269,17.821
1765,2.881,12.731,2.331,17.943
1766,2.901,12.776,1.881,17.559
1767,3.699,12.171,2.062,17.932
1768,2.537,10.072,2.223,14.832
1769,2.969,13.051,2.448,18.468
1770,4.52,12.222,2.307,19.049
1771,2.811,12.392,2.293,17.496
1772,2.871,13.446,2.354,18.672
1773,3.244,10.807,1.881,15.932
1774,2.78,8.837,2.074,13.69
1775,2.705,8.781,2.035,13.521
1776,2.829,9.177,1.88,13.886
1777,2.674,13.405,1.749,17.828
1778,2.794,10.268,2.365,15.427
1779,2.793,8.76,1.842,13.395
1780,2.682,8.721,2.266,13.669
1781,5.624,12.741,1.954,20.319
1782,2.685,9.188,1.934,13.807
1783,2.667,12.762,2.641,18.07
1784,4.62,14.793,2.268,21.681
1785,3.51,17.219,2.786,23.516
1786,3.266,14.389,2.288,19.944
1787,2.83,13.045,2.42,18.295
1788,2.817,13.068,2.324,18.209
1789,2.801,12.284,2.344,17.429
1790,3.11,14.437,2.658,20.205
1791,3.749,14.641,2.814,21.204
1792,6.477,14.41,2.767,23.655
1793,3.153,13.894,2.743,19.791
1794,3.121,14.845,2.822,20.789
1795,3.437,13.512,2.697,19.647
1796,3.492,13.16,2.58,19.233
1797,3.1,12.85,2.366,18.316
1798,3.007,12.268,2.541,17.817
1799,3.085,12.336,2.366,17.787
1800,3.058,12.13,2.706,17.894
1801,3.025,12.322,2.41,17.757
1802,3.032,12.262,2.567,17.86
1803,3.302,13.67,2.672,19.644
1804,3.152,13.664,2.307,19.122
1805,2.838,13.694,2.046,18.577
1806,2.97,9.74,1.64,14.349
1807,2.64,7.094,1.585,11.319
1808,2.54,6.744,1.521,10.805
1809,2.466,6.719,1.59,10.775
1810,2.423,6.639,1.547,10.609
1811,2.568,6.519,1.55,10.637
1812,2.475,6.969,1.59,11.035
1813,2.657,6.831,1.455,10.943
1814,2.514,7.045,1.756,11.315
1815,2.67,7.751,1.766,12.186
1816,2.894,7.574,1.745,12.212
1817,2.804,7.638,1.741,12.183
1818,2.699,7.78,1.791,12.271
1819,2.792,7.745,1.691,12.228
1820,2.75,7.538,1.735,12.023
1821,2.92,7.541,1.747,12.208
1822,2.715,7.507,1.742,11.964
1823,2.919,10.006,1.793,14.717
1824,2.904,8.12,1.759,12.783
1825,3.205,9.622,1.657,14.484
1826,2.766,7.537,2.255,12.558
1827,2.745,7.512,1.79,12.048
1828,3.021,9.058,1.773,13.852
1829,2.738,9.44,1.771,13.948
1830,2.725,7.318,2.399,12.443
1831,2.814,7.513,1.724,12.051
1832,2.502,7.755,2.097,12.355
1833,2.689,7.492,1.703,11.884
1834,2.705,7.283,1.686,11.674
1835,2.499,7.511,1.655,11.665
1836,2.597,8.037,1.677,12.311
1837,2.71,7.194,1.534,11.438
1838,2.637,6.974,1.544,11.155
1839,2.516,6.964,1.566,11.045
1840,2.495,7.485,1.496,11.475
1841,2.451,6.688,1.522,10.66
1842,2.706,8.518,1.887,13.112
1843,2.722,7.789,1.823,12.334
1844,2.698,7.575,1.655,11.927
1845,2.907,7.517,1.677,12.101
1846,2.642,7.384,1.667,11.692
1847,2.626,7.497,1.815,11.938
1848,2.769,8.385,2.206,13.36
1849,3.097,10.444,1.611,15.152
1850,2.462,6.596,1.519,10.577
1851,2.363,8.139,2.584,13.086
1852,2.652,6.813,1.575,11.041
1853,2.363,6.577,1.498,10.438
1854,2.488,6.635,1.516,10.639
1855,2.414,8.805,1.606,12.825
1856,2.557,6.586,1.503,10.647
1857,2.458,9.154,2.22,13.832
1858,2.852,11.727,2.538,17.117
1859,3.033,10.266,1.599,14.897
1860,2.477,6.834,1.513,10.824
1861,2.437,7.091,1.519,11.046
1862,2.363,6.986,1.508,10.857
1863,2.387,6.802,1.611,10.801
1864,2.523,6.505,1.615,10.644
1865,2.38,6.585,1.578,10.543
1866,2.362,6.713,1.458,10.533
1867,2.558,6.553,1.537,10.648
1868,2.42,6.591,1.511,10.523
1869,2.428,6.765,1.459,10.652
1870,2.413,6.549,1.507,10.469
1871,2.406,7.063,1.634,11.103
1872,2.446,6.616,1.508,10.569
1873,2.426,8.759,1.532,12.716
1874,2.433,6.792,1.512,10.737
1875,2.646,6.594,1.511,10.751
1876,2.406,6.612,1.512,10.53
1877,2.451,6.594,1.508,10.553
1878,2.433,6.618,1.525,10.575
1879,2.395,6.777,1.527,10.699
1880,2.489,6.613,1.506,10.608
1881,2.431,6.628,1.516,10.575
1882,2.435,6.775,1.501,10.711
1883,2.414,6.59,1.511,10.515
1884,2.41,6.622,1.498,10.529
1885,2.388,6.957,1.504,10.85
1886,2.398,7.076,1.504,10.978
1887,2.521,6.659,1.522,10.702
1888,2.576,6.554,1.516,10.646
1889,2.388,6.562,1.503,10.452
1890,2.511,6.501,1.504,10.516
1891,2.43,6.626,1.514,10.571
1892,2.508,6.64,1.436,10.584
1893,2.4,6.584,1.575,10.559
1894,2.391,6.657,1.495,10.543
1895,2.369,6.89,1.432,10.692
1896,2.369,6.608,1.512,10.489
1897,2.592,6.614,1.508,10.713
1898,2.455,6.858,1.487,10.799
1899,2.375,6.611,1.513,10.499
1900,2.429,6.579,1.495,10.503
1901,2.384,6.989,1.502,10.874
1902,2.414,6.598,1.549,10.56
1903,2.355,6.557,1.489,10.4
1904,2.396,6.604,1.501,10.501
1905,2.6,6.77,1.514,10.885
1906,2.402,6.712,1.516,10.63
1907,2.405,7.153,1.576,11.135
1908,2.446,6.847,1.549,10.841
1909,2.363,6.707,1.434,10.504
1910,2.397,6.698,1.522,10.616
1911,2.447,6.581,1.501,10.53
1912,2.43,6.595,1.499,10.525
1913,2.415,6.574,1.491,10.48
1914,2.383,6.594,1.877,10.854
1915,2.525,7.98,1.497,12.003
1916,2.583,6.545,2.236,11.364
1917,2.769,7.055,1.935,11.759
1918,2.369,6.57,1.494,10.434
1919,2.628,11.172,2.127,15.926
1920,2.821,6.562,1.505,10.888
1921,2.396,6.534,1.56,10.49
1922,2.67,10.46,1.867,14.996
1923,2.454,6.591,1.511,10.556
1924,2.561,6.815,1.448,10.824
1925,2.478,6.548,1.519,10.545
1926,2.37,6.625,1.507,10.502
1927,2.391,6.59,1.527,10.507
1928,2.383,6.792,1.595,10.771
1929,2.367,6.559,1.432,10.358
1930,2.522,6.731,1.515,10.768
1931,2.438,6.816,1.523,10.776
1932,2.379,6.577,1.59,10.546
1933,2.648,6.89,1.658,11.196
1934,2.431,6.846,1.51,10.786
1935,2.461,6.704,1.425,10.591
1936,2.424,6.588,1.508,10.52
1937,2.418,6.853,1.494,10.766
1938,2.497,6.751,1.5,10.749
1939,2.375,6.85,1.491,10.716
1940,2.383,6.58,1.481,10.444
1941,2.358,6.614,1.5,10.472
1942,2.436,6.828,1.522,10.786
1943,2.426,6.641,1.494,10.56
1944,2.394,6.604,1.5,10.498
1945,2.353,6.572,1.486,10.412
1946,2.375,8.673,1.658,12.705
1947,2.537,6.9,1.455,10.893
1948,2.673,6.569,1.519,10.761
1949,2.455,6.852,1.512,10.819
1950,2.498,6.641,1.529,10.668
1951,2.458,10.862,2.248,15.568
1952,2.908,13.051,2.6,18.558
1953,2.91,7.206,1.515,11.63
1954,2.523,6.596,1.669,10.788
1955,2.475,6.55,1.507,10.532
1956,2.391,6.613,1.494,10.498
1957,2.381,6.778,1.428,10.587
1958,2.367,6.625,1.502,10.494
1959,2.367,6.623,1.555,10.544
1960,2.412,6.496,1.507,10.415
1961,2.372,6.571,0.233,9.176
1962,2.818,6.616,1.514,10.947
1963,2.408,6.811,0.226,9.445
1964,2.667,6.845,0.236,9.748
1965,2.437,6.77,0.301,9.508
1966,2.376,6.479,0.23,9.086
1967,2.391,6.557,0.232,9.18
1968,2.571,6.655,0.285,9.511
1969,2.441,6.557,0.228,9.226
1970,2.386,6.615,0.234,9.235
1971,2.436,6.649,0.221,9.305
1972,2.409,6.462,0.294,9.165
1973,2.41,6.461,0.228,9.098
1974,2.415,6.51,0.233,9.157
1975,2.5,8.689,0.291,11.48
1976,2.502,6.656,0.242,9.4
1977,2.407,6.61,0.223,9.24
1978,2.462,6.44,1.792,10.695
1979,2.478,6.89,0.289,9.656
1980,2.437,7.026,0.221,9.683
1981,2.401,6.51,0.242,9.153
1982,2.442,6.602,0.233,9.277
1983,2.458,6.417,0.225,9.099
1984,2.46,6.625,0.299,9.384
1985,2.367,6.838,0.233,9.438
1986,2.418,6.514,0.221,9.153
1987,2.448,6.431,0.284,9.163
1988,2.415,6.396,0.292,9.103
1989,2.406,6.477,0.226,9.11
1990,2.434,6.49,0.233,9.157
1991,2.453,6.53,0.223,9.205
1992,2.536,6.675,0.261,9.472
1993,2.477,6.545,0.246,9.268
1994,2.462,6.426,0.219,9.107
1995,2.457,6.428,0.222,9.108
1996,2.458,6.617,0.233,9.308
1997,2.416,6.621,0.236,9.273
1998,2.412,6.534,0.222,9.168
1999,2.456,6.463,0.279,9.198
2000,2.403,6.709,0.22,9.332
2001,2.429,6.499,0.224,9.152
2002,2.673,6.774,0.22,9.667
2003,2.431,6.895,0.289,9.615
2004,2.41,6.47,0.233,9.112
2005,2.407,6.52,0.221,9.148
2006,2.445,6.441,0.234,9.12
2007,2.458,6.729,0.296,9.483
2008,2.519,8.37,0.227,11.116
2009,2.441,6.615,0.234,9.29
2010,2.428,6.56,0.221,9.209
2011,2.45,7.204,0.223,9.877
2012,2.423,6.869,0.222,9.513
2013,2.492,6.597,0.225,9.314
2014,2.887,7.345,0.236,10.468
2015,2.479,6.566,0.233,9.278
2016,2.417,6.497,0.315,9.229
2017,2.669,10.355,0.284,13.307
2018,2.746,7.511,0.225,10.483
2019,2.486,6.573,0.315,9.375
2020,2.487,6.673,0.237,9.398
2021,2.426,6.538,0.223,9.187
2022,2.444,6.695,0.22,9.359
2023,2.617,6.554,0.225,9.396
2024,2.487,6.423,0.222,9.133
2025,2.411,6.564,0.234,9.21
2026,2.411,6.534,0.23,9.176
2027,2.437,8.519,0.227,11.183
2028,2.425,6.614,0.292,9.331
2029,2.415,6.477,0.231,9.122
2030,2.41,6.756,0.224,9.389
2031,2.423,6.644,0.328,9.395
2032,2.455,6.579,0.221,9.255
2033,2.687,7.049,0.227,9.963
2034,2.531,6.726,0.287,9.544
2035,2.437,6.424,0.267,9.127
2036,2.466,6.67,0.238,9.374
2037,2.57,7.023,0.259,9.851
2038,2.601,8.512,0.259,11.372
2039,2.541,7.011,0.246,9.799
2040,2.495,6.541,0.288,9.324
2041,2.399,6.545,0.22,9.164
2042,2.507,6.526,0.223,9.257
2043,2.596,6.929,0.235,9.76
2044,2.379,6.49,0.234,9.103
2045,2.431,6.648,0.286,9.365
2046,2.395,6.397,0.29,9.082
2047,2.399,6.635,0.32,9.354
2048,2.785,7.26,0.228,10.272
2049,2.404,6.611,0.231,9.246
2050,2.373,6.574,0.233,9.181
2051,2.446,6.494,0.223,9.164
2052,2.439,6.508,0.279,9.225
2053,2.444,6.792,0.232,9.469
2054,2.436,6.666,0.331,9.432
2055,2.476,6.83,0.277,9.583
2056,2.554,6.595,0.332,9.481
2057,2.901,11.502,0.341,14.744
2058,2.777,13.214,0.345,16.335
2059,2.856,7.082,0.235,10.173
2060,2.412,6.507,0.223,9.142
2061,2.493,6.457,0.294,9.244
2062,2.554,6.55,0.235,9.338
2063,2.489,6.65,0.224,9.362
2064,2.465,6.526,0.294,9.286
2065,2.395,7.054,0.302,9.751
2066,2.423,6.557,0.23,9.21
2067,2.403,7.357,0.229,9.988
2068,2.485,6.68,0.223,9.387
2069,2.489,6.639,0.293,9.421
2070,2.38,6.462,0.227,9.07
2071,2.411,6.507,0.232,9.15
2072,2.505,6.516,0.226,9.247
2073,2.49,6.774,0.227,9.491
2074,2.488,6.542,0.233,9.262
2075,2.525,6.689,0.303,9.517
2076,2.649,6.612,0.222,9.483
2077,2.509,6.839,0.221,9.568
2078,2.412,6.641,0.234,9.287
2079,2.674,7.439,0.306,10.42
2080,2.408,6.644,0.23,9.283
2081,2.398,6.537,0.234,9.169
2082,2.54,6.826,0.224,9.59
2083,2.401,6.695,0.233,9.329
2084,2.473,6.852,1.728,11.053
2085,2.464,6.65,0.248,9.362
2086,2.401,6.749,0.231,9.38
2087,2.483,6.563,0.283,9.329
2088,2.426,6.546,0.23,9.202
2089,2.367,6.808,0.224,9.399
2090,2.461,6.547,0.284,9.292
2091,2.431,6.77,0.233,9.434
2092,2.429,6.524,1.714,10.667
2093,2.407,6.68,1.529,10.616
2094,2.41,6.997,1.519,10.926
2095,2.383,6.838,1.519,10.74
2096,2.443,6.673,1.521,10.637
2097,2.409,6.765,1.534,10.708
2098,2.386,6.637,1.502,10.526
2099,2.599,6.627,1.573,10.799
2100,2.407,6.557,1.499,10.463
2101,2.358,6.597,1.499,10.454
2102,2.41,7.139,1.509,11.058
2103,2.457,6.685,1.587,10.728
2104,2.399,6.594,1.561,10.554
2105,2.47,6.539,1.519,10.527
2106,2.364,6.635,1.525,10.524
2107,2.362,6.601,1.502,10.465
2108,2.373,7.051,1.495,10.918
2109,2.371,6.645,1.517,10.533
2110,2.361,6.607,1.49,10.458
2111,2.384,6.653,1.493,10.53
2112,2.544,6.774,1.519,10.837
2113,2.384,6.871,1.501,10.756
2114,2.359,7.87,1.505,11.734
2115,2.476,6.81,1.51,10.797
2116,2.354,6.625,1.809,10.788
2117,2.744,10.149,0.271,13.163
2118,2.861,7.295,1.549,11.705
2119,2.406,6.547,1.54,10.493
2120,2.433,6.646,1.503,10.582
2121,2.37,6.606,1.517,10.492
2122,2.379,6.75,1.495,10.624
2123,2.378,6.623,1.498,10.499
2124,2.368,6.808,1.577,10.752
2125,2.357,6.669,1.497,10.523
2126,2.57,7.559,1.895,12.023
2127,2.544,6.683,0.232,9.459
2128,2.429,6.655,1.514,10.597
2129,2.397,6.668,0.229,9.295
2130,2.361,6.617,1.496,10.474
2131,2.497,7.14,1.499,11.136
2132,2.429,7.184,1.582,11.196
2133,2.395,6.711,0.238,9.345
2134,2.504,6.544,1.603,10.651
2135,2.402,6.815,0.223,9.439
2136,2.446,8.287,0.272,11.005
2137,2.524,6.896,0.236,9.656
2138,2.515,6.62,0.308,9.443
2139,2.642,7.54,0.234,10.415
2140,2.474,6.53,0.223,9.227
2141,2.533,6.791,0.222,9.546
2142,2.455,6.557,0.233,9.245
2143,2.495,6.454,0.223,9.172
2144,2.507,6.441,0.292,9.24
2145,2.435,6.507,0.223,9.164
2146,2.464,8.688,0.229,11.381
2147,2.506,7.313,0.222,10.041
2148,2.489,6.659,0.227,9.375
2149,2.676,6.599,1.646,10.921
2150,2.503,6.756,0.226,9.486
2151,2.638,7.196,0.286,10.119
2152,2.464,7.131,0.248,9.844
2153,2.477,6.897,1.565,10.939
2154,2.478,6.785,0.259,9.523
2155,2.529,6.561,0.222,9.312
2156,2.51,6.842,0.23,9.582
2157,2.493,7.423,0.319,10.235
2158,2.881,11.677,2.411,16.969
2159,2.878,12.455,1.525,16.857
2160,2.515,6.78,1.533,10.827
2161,2.595,6.645,0.293,9.533
2162,2.523,6.815,1.535,10.873
2163,2.391,6.602,0.222,9.215
2164,2.418,7.2,0.23,9.848
2165,2.356,6.836,0.225,9.416
2166,2.514,6.568,0.316,9.399
2167,2.534,6.525,1.533,10.593
2168,2.645,6.886,1.582,11.113
2169,2.497,6.788,1.509,10.793
2170,2.415,6.719,1.424,10.558
2171,2.398,6.841,1.679,10.919
2172,2.597,6.671,1.509,10.778
2173,2.354,6.607,1.495,10.456
2174,2.434,7.167,2.434,12.035
2175,2.665,6.605,1.511,10.781
2176,2.359,6.614,1.516,10.489
2177,2.508,6.772,1.55,10.829
2178,2.499,6.808,0.236,9.543
2179,2.47,6.618,1.589,10.676
2180,2.457,6.641,1.503,10.601
2181,2.48,6.733,0.235,9.448
2182,2.683,6.537,1.578,10.798
2183,2.47,6.61,1.508,10.588
2184,2.422,6.626,1.443,10.491
2185,2.356,6.616,1.512,10.484
2186,2.469,6.8,1.506,10.775
2187,2.379,6.694,1.427,10.499
2188,2.529,6.607,1.521,10.657
2189,2.478,6.715,1.572,10.764
2190,2.477,6.61,1.451,10.537
2191,2.432,6.461,0.223,9.116
2192,2.503,6.441,0.221,9.165
2193,2.453,6.532,1.59,10.575
2194,2.435,6.718,0.286,9.439
2195,2.363,7.044,0.224,9.631
2196,2.468,6.565,1.585,10.618
2197,2.583,6.596,1.517,10.696
2198,2.369,6.563,1.519,10.451
2199,2.368,6.683,1.832,10.883
2200,2.445,6.555,1.512,10.512
2201,2.355,6.577,1.485,10.417
2202,2.351,6.603,1.511,10.465
2203,2.391,6.92,1.501,10.812
2204,2.357,6.626,1.423,10.406
2205,2.333,6.602,1.486,10.422
2206,2.429,6.689,1.506,10.624
2207,2.607,6.669,1.492,10.767
2208,2.367,6.797,1.524,10.687
2209,2.338,6.92,2.141,11.399
2210,2.591,6.767,1.444,10.802
2211,2.372,6.619,1.849,10.841
2212,2.831,10.24,2.043,15.114
2213,2.992,6.711,1.513,11.216
2214,2.407,6.654,1.503,10.564
2215,2.39,6.606,1.521,10.517
2216,2.363,6.709,1.431,10.502
2217,2.456,6.659,1.659,10.775
2218,2.452,6.631,1.571,10.654
2219,2.412,6.634,1.505,10.551
2220,2.433,6.704,1.507,10.645
2221,2.397,7.775,1.887,12.059
2222,2.409,6.744,1.54,10.693
2223,2.58,6.621,1.511,10.712
2224,2.375,6.859,1.502,10.736
2225,2.468,6.641,1.502,10.611
2226,2.376,6.919,1.515,10.811
2227,2.391,6.772,1.68,10.843
2228,2.752,6.586,1.515,10.852
2229,2.575,6.619,1.504,10.698
2230,2.587,6.467,1.911,10.965
2231,2.74,6.948,1.605,11.293
2232,2.502,6.574,1.489,10.565
2233,2.368,6.609,1.495,10.473
2234,2.477,6.835,1.519,10.831
2235,2.442,6.75,1.525,10.716
2236,2.381,6.641,1.425,10.446
2237,2.421,6.639,1.507,10.567
2238,2.411,6.579,1.496,10.486
2239,2.421,6.64,1.518,10.579
2240,2.853,8.022,1.517,12.391
2241,2.53,6.698,1.504,10.732
2242,2.366,6.621,1.503,10.49
2243,2.463,6.734,1.5,10.697
2244,2.476,6.796,1.435,10.707
2245,2.405,6.811,1.513,10.728
2246,2.502,6.719,1.489,10.71
2247,2.51,6.767,1.502,10.78
2248,2.425,6.625,1.439,10.49
2249,2.364,6.831,1.587,10.782
2250,2.492,6.6,1.481,10.573
2251,2.467,6.479,1.636,10.582
2252,2.391,6.579,1.555,10.526
2253,2.394,10.614,2.194,15.202
2254,2.833,12.521,2.588,17.942
2255,2.988,7.55,1.511,12.05
2256,2.679,7.298,1.518,11.495
2257,2.477,6.996,1.661,11.134
2258,2.735,10.744,1.6,15.079
2259,2.525,6.616,1.525,10.667
2260,2.53,6.642,1.497,10.669
2261,2.423,7.194,1.487,11.104
2262,2.385,6.954,1.492,10.83
2263,2.412,6.598,1.437,10.447
2264,2.369,6.725,1.505,10.599
2265,2.392,6.651,1.506,10.55
2266,2.436,6.825,1.425,10.686
2267,2.386,6.638,1.496,10.52
2268,2.44,6.584,1.496,10.519
2269,2.42,6.953,1.509,10.881
2270,2.469,6.567,1.573,10.609
2271,2.433,6.611,1.479,10.523
2272,2.527,6.962,1.497,10.986
2273,2.459,6.828,1.489,10.776
2274,2.411,6.668,1.512,10.592
2275,2.413,8.176,1.654,12.243
2276,2.491,6.845,1.498,10.834
2277,2.428,6.634,1.502,10.565
2278,2.37,6.655,1.502,10.527
2279,2.409,6.727,1.514,10.651
2280,2.445,6.664,1.566,10.675
2281,2.546,6.658,1.506,10.711
2282,2.403,6.604,1.505,10.511
2283,2.425,6.598,1.513,10.536
2284,2.49,6.854,1.547,10.891
2285,2.401,6.762,1.443,10.605
2286,2.371,6.833,1.511,10.714
2287,2.376,6.813,1.501,10.69
2288,2.381,6.607,1.427,10.415
2289,2.37,6.819,1.606,10.794
2290,2.37,7.051,0.293,9.714
2291,2.579,6.666,1.499,10.743
2292,2.447,6.669,1.42,10.536
2293,2.41,6.625,0.263,9.298
2294,2.489,6.593,0.289,9.37
2295,2.611,6.517,0.234,9.361
2296,2.462,6.401,1.565,10.428
2297,2.379,6.606,0.227,9.212
2298,2.615,6.857,1.503,10.975
2299,2.376,6.784,0.222,9.382
2300,2.479,6.797,0.224,9.5
2301,2.457,7.871,0.285,10.613
2302,2.464,6.592,0.222,9.278
2303,2.45,9.134,2.064,13.648
2304,2.729,9.19,0.235,12.154
2305,2.465,6.56,0.236,9.26
2306,2.503,7.133,0.234,9.869
2307,2.475,6.534,0.221,9.23
2308,2.589,6.458,0.298,9.344
2309,2.468,6.799,1.553,10.82
2310,2.38,6.617,1.505,10.501
2311,2.423,6.699,1.537,10.659
2312,2.368,6.692,1.521,10.58
2313,2.411,6.683,0.234,9.328
2314,2.456,7.333,2.296,12.084
2315,2.877,10.395,2.313,15.585
2316,2.7,9.283,2.347,14.33
2317,2.744,7.037,1.511,11.291
2318,2.374,7.213,1.498,11.085
2319,2.352,6.703,1.43,10.486
2320,2.66,6.654,1.493,10.807
2321,2.432,6.676,1.506,10.614
2322,2.85,9.785,1.803,14.438
2323,2.523,6.595,1.524,10.641
2324,2.486,6.718,1.503,10.707
2325,2.452,6.813,1.495,10.76
2326,2.454,6.836,1.5,10.789
2327,2.456,6.648,1.51,10.615
2328,2.605,6.653,1.505,10.763
2329,2.517,6.815,1.625,10.957
2330,2.471,6.808,1.492,10.771
2331,2.396,8.765,1.52,12.681
2332,2.625,7.015,1.582,11.222
2333,2.496,6.726,1.496,10.718
2334,2.367,6.684,1.628,10.679
2335,2.578,6.725,1.603,10.906
2336,2.65,6.77,1.617,11.036
2337,2.639,6.549,1.579,10.767
2338,2.413,6.592,1.49,10.495
2339,2.425,6.658,1.488,10.571
2340,2.603,6.85,1.482,10.935
2341,2.385,6.576,1.499,10.46
2342,2.51,6.611,1.423,10.543
2343,2.391,6.595,1.498,10.484
2344,2.685,6.679,1.505,10.869
2345,2.469,6.638,1.431,10.538
2346,2.501,7.029,1.67,11.2
2347,2.633,11.079,0.322,14.034
2348,2.81,12.725,2.646,18.181
2349,3.103,8.18,1.569,12.852
2350,2.737,6.755,1.568,11.061
2351,2.467,6.73,1.66,10.857
2352,2.521,7.414,1.507,11.441
2353,2.461,6.818,1.532,10.812
2354,2.555,6.827,1.495,10.876
2355,2.453,6.631,1.504,10.588
2356,2.352,6.678,1.43,10.46
2357,2.373,6.736,1.589,10.698
2358,2.463,6.76,1.563,10.786
2359,2.396,6.608,1.486,10.491
2360,2.448,6.775,1.539,10.762
2361,2.417,6.552,1.489,10.459
2362,2.441,6.705,1.489,10.634
2363,2.531,6.653,1.491,10.675
2364,2.463,6.751,1.555,10.769
2365,2.367,6.627,1.498,10.493
2366,2.383,6.643,1.494,10.52
2367,2.492,6.621,1.526,10.639
2368,2.399,6.621,1.421,10.442
2369,2.394,6.612,1.487,10.494
2370,2.402,6.597,1.441,10.44
2371,2.345,6.61,1.506,10.461
2372,2.365,6.821,1.495,10.682
2373,2.396,7.41,1.514,11.32
2374,2.523,6.548,1.495,10.566
2375,2.571,6.575,1.495,10.641
2376,2.421,8.734,1.6,12.755
2377,2.472,6.563,1.515,10.55
2378,2.434,6.669,1.661,10.765
2379,2.43,6.552,1.52,10.501
2380,2.367,6.622,1.499,10.488
2381,2.492,6.989,1.505,10.985
2382,2.379,6.678,1.511,10.567
2383,2.452,6.627,1.492,10.571
2384,2.415,6.837,1.492,10.745
2385,2.453,6.833,1.44,10.725
2386,2.518,6.576,1.514,10.609
2387,2.365,6.687,1.504,10.557
2388,2.386,6.873,1.442,10.7
2389,2.591,6.693,1.579,10.862
2390,2.477,6.653,1.589,10.719
2391,2.53,6.641,1.516,10.687
2392,2.731,7.073,1.6,11.404
2393,2.473,6.577,1.506,10.557
2394,2.374,6.68,1.439,10.493
2395,2.521,6.576,1.582,10.679
2396,2.501,6.809,1.513,10.823
2397,2.41,6.748,1.505,10.663
2398,2.385,6.61,1.502,10.497
2399,2.38,6.83,1.512,10.722
2400,2.382,6.579,1.496,10.457
2401,2.398,6.631,1.515,10.544
2402,2.391,6.581,1.49,10.462
2403,2.442,6.59,1.496,10.529
2404,2.38,6.955,1.538,10.873
2405,2.381,6.63,1.49,10.501
2406,2.386,6.608,1.508,10.502
2407,2.38,6.646,1.49,10.515
2408,2.361,6.685,1.442,10.488
2409,2.415,6.755,1.513,10.683
2410,2.377,6.642,1.5,10.518
2411,2.463,6.639,1.499,10.601
2412,2.733,6.556,1.508,10.798
2413,2.353,9.466,1.987,13.805
2414,2.879,8.631,1.585,13.095
2415,2.591,6.621,1.508,10.72
2416,2.416,7.263,1.52,11.198
2417,2.403,6.686,1.571,10.66
2418,2.403,6.643,1.441,10.487
2419,2.379,6.736,1.514,10.629
2420,2.446,6.614,1.498,10.558
2421,2.429,6.825,1.486,10.74
2422,2.413,8.185,2.269,12.868
2423,2.803,7.027,1.511,11.341
2424,2.546,6.606,1.443,10.594
2425,2.378,6.577,1.523,10.477
2426,2.544,6.596,1.497,10.637
2427,2.481,6.799,1.45,10.73
2428,2.619,6.558,1.559,10.736
2429,2.455,6.637,1.506,10.597
2430,2.366,6.64,1.436,10.442
2431,2.386,6.808,1.524,10.718
2432,2.376,6.591,1.482,10.449
2433,2.388,6.624,1.498,10.51
2434,2.384,6.628,1.485,10.498
2435,2.488,6.697,1.496,10.682
2436,2.449,6.699,1.513,10.66
2437,2.409,6.858,1.664,10.932
2438,2.514,6.529,1.491,10.534
2439,2.393,6.627,1.498,10.518
2440,2.375,6.575,1.508,10.458
2441,2.384,7.501,2.226,12.11
2442,2.779,11.835,2.271,16.885
2443,2.87,11.692,1.584,16.146
2444,2.608,6.839,1.547,10.995
2445,2.614,6.57,1.497,10.681
2446,2.383,6.679,1.43,10.492
2447,2.465,6.445,1.436,10.346
2448,2.423,6.394,1.575,10.391
2449,2.387,6.762,1.509,10.659
2450,2.374,6.571,1.43,10.375
2451,2.419,6.6,1.569,10.588
2452,2.427,6.702,1.493,10.623
2453,2.424,6.588,1.524,10.537
2454,2.39,6.5,1.49,10.381
2455,2.408,6.615,1.448,10.471
2456,2.467,6.513,1.506,10.487
2457,2.458,6.665,1.499,10.622
2458,2.412,6.686,1.664,10.762
2459,2.489,6.818,1.502,10.809
2460,2.413,6.624,1.501,10.538
2461,2.451,6.559,1.797,10.807
2462,2.821,7.091,1.518,11.43
2463,2.453,7.188,1.489,11.13
2464,2.501,6.64,1.56,10.701
2465,2.54,6.668,1.492,10.7
2466,2.404,6.672,1.484,10.56
2467,2.379,6.658,1.516,10.552
2468,2.467,6.723,1.486,10.677
2469,2.395,6.554,1.486,10.435
2470,2.393,6.906,1.513,10.812
2471,2.448,6.606,1.493,10.547
2472,2.426,7.564,1.657,11.646
2473,2.504,6.741,1.502,10.748
2474,2.454,6.606,1.493,10.554
2475,2.368,6.567,1.485,10.421
2476,2.423,6.639,1.492,10.553
2477,2.443,8.896,1.51,12.849
2478,2.489,6.551,1.465,10.505
2479,2.659,6.523,1.66,10.842
2480,2.458,6.605,1.499,10.562
2481,2.419,6.628,1.429,10.476
2482,2.372,6.682,1.495,10.549
2483,2.38,7.848,1.503,11.731
2484,2.471,6.522,1.488,10.481
2485,2.39,6.599,1.488,10.477
2486,2.402,6.857,1.499,10.758
2487,2.4,6.552,1.514,10.466
2488,2.383,7.282,1.471,11.137
2489,2.39,6.586,1.48,10.456
2490,2.496,6.637,1.509,10.642
2491,2.497,6.508,1.506,10.511
2492,2.393,6.721,1.483,10.597
2493,2.383,6.562,1.502,10.448
2494,2.433,6.578,1.481,10.492
2495,2.417,6.59,1.537,10.544
2496,2.39,6.675,1.532,10.597
2497,2.481,6.606,1.49,10.577
2498,2.427,6.58,1.509,10.516
2499,2.385,6.551,1.491,10.427
2500,2.392,6.734,1.623,10.749
2501,2.588,6.57,1.513,10.671
2502,2.421,6.773,1.49,10.684
2503,2.363,6.631,1.43,10.425
2504,2.481,7.612,2.028,12.121
2505,2.746,9.962,1.563,14.271
2506,2.443,6.543,1.441,10.427
2507,2.374,6.683,1.689,10.746
2508,2.467,6.799,1.58,10.847
2509,2.36,6.739,1.476,10.575
2510,2.417,6.586,1.491,10.493
2511,2.393,6.588,1.484,10.465
2512,2.388,6.642,1.481,10.511
2513,2.377,6.619,1.478,10.474
2514,2.393,7.257,2.242,11.892
2515,2.568,7.125,1.584,11.277
