frame,read_ms,preprocess_ms,inference_ms,postprocess_ms,total_ms
0,257.706,28.124,6.963,546.973,839.766
1,18.701,9.563,6.781,3.111,38.156
2,69.032,6.797,6.677,2.885,85.391
3,60.055,4.932,6.876,3.033,74.896
4,68.066,4.951,8.412,3.179,84.607
5,25.859,4.924,8.191,3.058,42.032
6,64.096,4.603,8.254,2.897,79.85
7,62.943,5.085,8.203,2.95,79.181
8,63.926,5.075,8.273,2.87,80.145
9,28.998,4.7,8.176,2.76,44.633
10,59.295,4.981,8.208,2.86,75.344
11,55.414,4.731,8.205,2.998,71.348
12,47.292,5.48,8.507,2.987,64.266
13,37.518,4.284,8.15,3.194,53.146
14,59.498,4.792,8.216,3.037,75.543
15,76.352,4.855,8.255,2.983,92.445
16,28.879,5.03,8.175,2.857,44.941
17,49.457,4.527,8.173,3.005,65.161
18,28.551,4.669,8.085,2.834,44.139
19,86.525,4.673,8.202,2.948,102.348
20,13.747,4.171,8.046,2.694,28.657
21,69.937,4.779,8.27,3.026,86.012
22,15.497,4.649,8.13,2.817,31.092
23,102.556,4.812,8.114,2.139,117.62
24,13.847,4.335,8.107,2.86,29.149
25,75.056,4.93,8.203,2.646,90.834
26,13.802,4.62,8.13,2.98,29.531
27,109.337,3.781,8.048,2.192,123.359
28,13.128,4.297,8.131,2.963,28.519
29,81.225,4.97,9.13,4.971,100.297
30,18.347,4.727,8.13,3.025,34.229
31,98.838,4.778,8.212,2.173,114.001
32,13.795,4.65,8.107,2.706,29.258
33,72.713,4.656,8.167,2.885,88.421
34,11.259,4.384,8.012,2.654,26.31
35,105.404,3.84,8.053,2.625,119.922
36,13.978,5.136,8.687,3.021,30.823
37,74.717,4.732,8.231,1.983,89.663
38,11.782,8.04,8.135,2.681,30.637
39,100.566,4.509,8.033,2.159,115.266
40,12.352,4.377,8.139,2.795,27.663
41,73.138,4.793,8.21,2.968,89.109
42,13.469,3.778,8.121,2.985,28.353
43,103.025,4.832,8.03,2.062,117.949
44,13.348,4.516,8.07,2.999,28.933
45,82.846,4.733,8.19,3.056,98.826
46,31.863,4.965,8.147,2.906,47.881
47,79.751,5.262,8.227,3.463,96.702
48,31.624,4.884,8.08,2.678,47.265
49,60.257,4.99,8.252,2.97,76.47
50,26.404,4.806,8.161,2.921,42.292
51,91.764,4.192,8.254,3.265,107.475
52,17.641,4.283,8.11,2.807,32.841
53,75.106,4.656,8.266,2.97,90.999
54,17.78,4.679,8.05,2.843,33.352
55,98.114,4.543,8.165,2.224,113.047
56,13.213,4.423,8.089,2.751,28.477
57,74.215,4.528,8.218,2.039,89.0
58,13.691,4.829,8.062,2.747,29.329
59,95.796,4.362,8.213,2.044,110.415
60,13.255,4.129,8.148,2.864,28.396
61,96.901,12.317,8.537,2.312,120.068
62,12.053,4.68,8.073,3.009,27.815
63,109.34,5.442,8.351,3.089,126.222
64,24.154,6.047,8.221,3.05,41.472
65,146.832,10.555,9.497,2.778,169.662
66,90.818,8.89,10.693,4.848,115.248
67,34.593,4.673,8.157,2.9,50.323
68,179.398,4.586,8.164,2.662,194.811
69,31.843,8.278,11.515,4.784,56.42
70,141.194,10.559,9.366,10.077,171.196
71,72.357,4.727,8.154,3.098,88.336
72,70.601,5.032,8.168,3.029,86.83
73,14.953,4.374,8.07,2.536,29.933
74,75.046,4.838,8.233,3.327,91.444
75,37.135,4.777,8.439,3.063,53.414
76,68.997,4.992,8.245,3.039,85.273
77,21.911,5.655,8.279,2.988,38.833
78,63.582,4.673,8.199,3.14,79.594
79,45.538,4.728,8.13,2.878,61.274
80,60.322,4.444,8.461,3.665,76.892
81,24.789,4.94,8.308,3.03,41.067
82,67.84,4.812,8.204,3.009,83.864
83,42.61,4.707,8.315,2.956,58.589
84,62.166,4.743,8.128,2.849,77.886
85,27.853,4.51,8.124,2.856,43.343
86,57.868,4.447,8.192,5.161,75.668
87,69.434,4.686,8.138,2.887,85.145
88,48.663,4.52,8.163,3.043,64.389
89,39.746,4.552,8.107,2.761,55.166
90,44.595,4.951,8.125,2.812,60.483
91,66.946,4.737,8.175,3.068,82.927
92,32.69,4.489,8.783,2.823,48.786
93,55.926,4.713,8.161,2.901,71.701
94,29.504,4.703,8.051,2.764,45.022
95,83.528,4.773,8.25,2.936,99.487
96,17.467,4.655,8.13,2.944,33.196
97,68.77,4.78,8.201,2.944,84.696
98,20.148,4.688,8.099,2.826,35.761
99,90.374,4.699,8.179,2.334,105.587
100,13.46,4.598,8.143,2.847,29.048
101,79.914,4.945,8.238,2.538,95.635
102,11.739,4.396,8.071,2.721,26.928
103,126.585,3.947,8.061,2.243,140.836
104,14.48,4.673,8.18,3.129,30.462
105,73.707,5.022,8.241,3.757,90.726
106,14.223,4.814,8.1,2.924,30.061
107,105.149,4.733,8.013,2.234,120.129
108,13.621,4.459,8.14,3.028,29.248
109,76.483,4.974,8.278,2.967,92.701
110,12.201,4.557,8.084,3.016,27.858
111,104.559,5.09,8.228,4.52,122.396
112,22.765,8.787,8.321,3.207,43.08
113,130.98,4.797,8.257,2.785,146.819
114,23.704,8.237,11.139,5.199,48.28
115,204.312,8.479,8.847,2.801,224.44
116,12.652,4.991,8.208,3.42,29.271
117,166.922,3.986,8.095,2.636,181.639
118,25.916,7.994,8.64,4.7,47.249
119,153.726,7.773,10.883,5.337,177.72
120,48.134,9.098,11.308,5.745,74.284
121,72.12,7.2,8.173,2.944,90.437
122,134.122,8.247,10.504,2.56,155.432
123,30.182,9.635,11.208,4.752,55.776
124,165.253,4.502,8.053,5.005,182.813
125,22.381,8.525,13.442,10.422,54.771
126,150.482,12.903,14.868,5.076,183.329
127,82.229,7.466,9.908,3.388,102.991
128,105.933,5.183,8.187,4.226,123.529
129,26.631,8.438,9.149,8.538,52.756
130,105.66,10.38,9.177,3.516,128.734
131,59.57,12.865,21.911,6.556,100.902
132,89.714,7.936,10.727,8.064,116.442
133,41.178,15.36,12.696,7.105,76.34
134,59.85,7.4,10.968,4.335,82.552
135,154.798,7.554,11.022,4.799,178.172
136,66.872,8.425,10.779,4.796,90.871
137,102.504,7.607,9.98,5.854,125.945
138,63.72,9.058,11.236,4.783,88.798
139,118.743,4.887,8.132,2.923,134.686
140,97.172,4.744,8.047,2.703,112.666
141,22.61,8.204,9.165,6.82,46.799
142,139.75,8.424,11.397,4.64,164.211
143,84.187,8.715,10.961,7.224,111.087
144,118.759,8.799,11.099,4.888,143.545
145,49.963,8.044,10.848,4.641,73.497
146,140.726,8.62,12.945,5.677,167.969
147,32.063,4.757,8.137,3.269,48.227
148,113.929,6.048,8.685,3.36,132.022
149,56.763,7.794,10.339,8.916,83.811
150,41.864,5.834,9.369,4.369,61.435
151,118.384,5.642,9.015,4.127,137.169
152,82.819,4.617,8.221,3.109,98.766
153,78.206,7.48,11.588,6.354,103.629
154,27.321,6.191,9.477,3.995,46.984
155,178.2,4.914,8.181,3.764,195.059
156,22.18,6.802,10.045,8.42,47.447
157,77.55,4.851,8.213,3.025,93.64
158,13.004,4.334,9.709,2.727,29.774
159,97.63,4.507,8.121,2.155,112.413
160,10.658,4.247,8.074,2.833,25.812
161,72.593,4.737,8.27,2.721,88.321
162,11.527,4.57,8.29,2.797,27.184
163,103.236,4.708,8.031,2.088,118.064
164,11.425,4.572,8.152,2.84,26.989
165,81.535,4.876,8.108,2.401,96.919
166,11.549,4.71,8.047,2.836,27.142
167,104.955,4.557,7.981,2.064,119.556
168,13.373,4.477,8.118,2.814,28.782
169,84.375,4.631,8.186,2.466,99.658
170,11.802,4.557,8.139,2.657,27.154
171,104.427,4.869,8.214,2.975,120.485
172,35.464,4.796,8.074,2.98,51.314
173,46.994,4.706,8.157,2.813,62.67
174,38.787,4.442,8.053,2.877,54.159
175,69.31,4.493,8.106,2.879,84.788
176,39.824,4.755,8.126,2.985,55.69
177,45.778,3.933,8.104,3.02,60.834
178,39.615,4.403,8.048,2.661,54.727
179,67.715,4.573,8.179,2.993,83.46
180,33.605,4.711,8.189,3.03,49.535
181,47.714,4.604,8.103,2.775,63.196
182,42.982,4.533,8.092,2.606,58.213
183,63.804,4.638,8.139,2.968,79.55
184,38.478,4.619,8.1,2.796,53.993
185,50.06,4.753,8.152,2.732,65.698
186,36.623,4.119,8.026,2.744,51.513
187,84.348,4.765,8.123,2.993,100.228
188,40.249,3.972,9.998,2.986,57.204
189,50.467,4.52,8.18,2.74,65.907
190,35.816,4.459,8.059,2.734,51.067
191,72.67,4.418,8.211,2.921,88.22
192,33.719,4.605,8.192,3.823,50.34
193,49.935,4.279,8.158,3.044,65.416
194,35.746,4.217,8.097,2.869,50.929
195,64.299,4.72,8.182,2.962,80.163
196,43.206,4.578,8.368,3.154,59.306
197,46.441,4.772,8.202,2.973,62.388
198,38.39,4.914,8.194,67.311,118.808
199,19.825,4.53,8.106,2.832,35.293
200,88.813,3.868,7.995,1.994,102.67
201,13.871,4.275,8.061,2.85,29.057
202,84.55,6.903,12.609,8.058,112.121
203,20.874,4.564,8.14,2.801,36.379
204,91.679,3.937,8.021,2.214,105.851
205,12.569,4.143,8.14,2.743,27.594
206,76.861,4.699,8.186,3.078,92.824
207,31.829,4.597,8.16,2.943,47.529
208,83.44,4.796,8.247,3.23,99.713
209,14.249,4.448,8.14,2.744,29.582
210,71.859,4.581,8.24,3.094,87.775
211,36.695,4.739,8.128,2.978,52.54
212,68.799,4.709,8.271,3.103,84.884
213,13.148,4.676,8.111,2.794,28.729
214,70.386,4.066,8.152,6.239,88.843
215,34.266,4.735,8.333,2.966,50.3
216,81.312,4.762,8.262,2.12,96.457
217,13.293,4.65,8.073,2.753,28.768
218,86.523,7.586,10.071,3.018,107.198
219,33.346,4.404,8.016,2.771,48.536
220,69.904,4.356,8.245,2.197,84.703
221,12.982,4.59,8.075,2.947,28.594
222,70.918,4.933,8.213,2.916,86.98
223,42.35,4.629,8.223,3.002,58.204
224,65.893,4.755,8.211,3.12,81.978
225,18.737,4.584,8.122,2.845,34.287
226,69.54,4.88,8.236,2.803,85.458
227,46.039,4.752,8.172,2.976,61.939
228,55.691,4.747,8.207,3.034,71.679
229,30.269,4.678,8.278,2.878,46.104
230,51.975,4.117,8.157,2.75,66.998
231,71.203,4.631,8.185,3.035,87.053
232,29.752,4.407,8.107,3.021,45.287
233,53.039,4.661,8.145,4.647,70.492
234,25.412,5.79,8.063,2.986,42.25
235,109.918,3.671,8.011,2.098,123.699
236,13.363,4.545,8.111,2.835,28.853
237,67.221,4.206,8.21,2.37,82.007
238,13.384,4.414,8.051,2.551,28.4
239,88.331,4.305,8.247,2.249,103.133
240,12.305,4.437,8.124,4.904,29.77
241,67.524,5.305,8.412,3.022,84.263
242,17.967,4.689,8.164,3.392,34.212
243,95.86,4.668,8.332,2.154,111.013
244,13.686,4.566,8.099,2.944,29.295
245,65.748,7.382,8.637,2.422,84.189
246,13.181,4.123,8.08,2.667,28.05
247,60.31,4.47,8.058,2.738,75.577
248,50.296,4.56,8.074,2.71,65.64
249,49.932,7.411,8.183,3.013,68.539
250,39.454,4.423,8.151,4.274,56.303
251,50.692,3.939,8.131,2.805,65.567
252,39.209,4.58,8.093,2.878,54.76
253,72.927,4.675,8.292,3.132,89.027
254,25.841,4.671,8.184,2.971,41.668
255,54.585,4.651,8.187,3.095,70.517
256,21.864,4.473,8.07,3.639,38.045
257,94.133,4.38,8.215,2.3,109.027
258,13.23,4.235,8.121,2.931,28.517
259,67.35,4.453,8.204,3.029,83.036
260,20.678,4.482,8.11,2.692,35.962
261,99.666,4.302,8.292,2.113,114.372
262,12.26,4.453,8.095,2.823,27.631
263,94.894,4.991,8.095,2.191,110.171
264,11.816,4.7,8.065,2.691,27.273
265,105.349,4.172,8.067,2.171,119.759
266,14.124,7.832,16.575,8.557,47.087
267,55.586,4.632,8.096,2.865,71.18
268,35.52,4.409,8.099,2.816,50.845
269,79.005,4.368,8.223,3.04,94.636
270,22.766,4.739,8.171,2.878,38.554
271,61.709,4.615,8.215,2.813,77.352
272,16.337,4.615,8.122,2.656,31.73
273,95.666,4.763,8.289,2.212,110.93
274,12.616,4.471,8.099,2.838,28.024
275,68.461,4.692,8.218,2.874,84.245
276,12.955,4.696,7.994,2.688,28.334
277,106.973,3.764,7.959,2.24,120.937
278,11.921,4.169,8.157,2.989,27.236
279,74.239,4.566,8.216,2.334,89.356
280,13.736,5.782,8.126,2.758,30.403
281,104.972,4.32,8.017,2.196,119.505
282,19.247,9.294,13.319,8.953,50.814
283,56.125,4.521,8.231,2.937,71.814
284,28.484,4.506,8.116,2.678,43.784
285,79.961,4.67,8.354,2.885,95.87
286,16.52,4.688,8.125,2.771,32.106
287,67.513,5.631,8.292,2.454,83.89
288,13.564,4.311,8.117,2.611,28.603
289,94.597,3.622,7.972,2.028,108.219
290,13.397,4.628,8.118,2.684,28.827
291,63.868,4.686,8.186,2.254,78.994
292,12.177,5.419,8.121,3.032,28.749
293,98.522,3.828,8.07,2.129,112.549
294,13.669,4.654,8.062,2.704,29.089
295,62.099,4.376,9.412,3.046,78.932
296,14.073,4.219,8.049,2.714,29.055
297,99.665,3.624,7.982,2.05,113.321
298,11.644,4.67,8.121,2.746,27.18
299,86.343,3.916,7.993,2.208,100.461
300,13.728,4.593,8.159,2.942,29.421
301,92.154,4.383,8.085,2.137,106.759
302,13.452,4.298,8.124,2.805,28.68
303,63.139,4.651,8.265,2.95,79.005
304,14.171,4.039,8.084,4.655,30.949
305,97.156,4.022,7.961,2.215,111.354
306,13.403,4.294,8.09,2.825,28.612
307,71.45,4.634,8.212,3.627,87.923
308,13.369,4.535,8.092,2.657,28.654
309,138.958,4.833,8.274,3.417,155.482
310,23.753,8.271,11.101,2.98,46.106
311,90.402,10.87,12.673,4.05,117.995
312,28.252,9.48,15.031,6.763,59.525
313,128.958,5.505,8.762,3.181,146.405
314,101.158,4.568,8.084,2.795,116.604
315,30.093,8.646,11.068,4.732,54.539
316,104.473,8.631,11.005,4.734,128.842
317,117.383,8.922,10.885,2.611,139.801
318,59.853,8.362,11.0,4.79,84.006
319,82.599,4.811,8.065,3.178,98.654
320,87.514,8.476,11.333,4.637,111.959
321,111.381,8.635,11.231,4.681,135.929
322,58.346,8.768,11.032,4.624,82.77
323,82.735,6.848,10.686,4.799,105.069
324,124.894,4.578,8.112,2.59,140.173
325,23.456,7.409,10.905,4.707,46.477
326,162.857,5.471,8.25,3.403,179.982
327,23.736,8.353,11.947,5.19,49.225
328,90.79,5.091,8.802,3.169,107.852
329,150.546,4.583,8.039,2.744,165.912
330,23.675,7.621,10.409,6.231,47.935
331,88.777,8.37,10.497,4.795,112.439
332,77.569,7.242,10.417,5.873,101.101
333,128.237,7.541,11.991,6.152,153.921
334,61.202,10.817,10.692,4.821,87.531
335,83.437,7.755,10.858,4.66,106.709
336,67.042,7.22,10.98,4.677,89.919
337,113.687,8.574,10.913,4.817,137.992
338,42.165,8.436,11.461,4.679,66.741
339,119.268,8.555,10.106,2.656,140.585
340,25.627,8.406,11.477,4.581,50.091
341,174.934,4.504,8.105,2.579,190.123
342,32.112,12.45,11.454,4.587,60.603
343,127.945,8.832,11.705,5.835,154.318
344,21.587,10.032,9.503,5.919,47.04
345,90.277,8.938,11.454,5.3,115.968
346,107.308,6.132,10.877,9.306,133.623
347,16.365,4.557,8.046,2.76,31.728
348,149.727,4.514,8.258,3.263,165.762
349,21.84,13.676,13.486,7.79,56.792
350,91.341,8.578,10.637,7.303,117.86
351,63.425,8.412,11.117,5.573,88.527
352,83.734,8.538,11.513,7.935,111.72
353,92.961,4.687,8.221,2.956,108.825
354,32.555,4.74,8.231,3.162,48.689
355,78.129,3.688,7.954,2.098,91.869
356,13.965,4.79,8.117,2.811,29.684
357,99.167,3.646,8.092,2.203,113.108
358,13.798,4.774,8.203,2.888,29.663
359,59.821,4.789,8.283,2.864,75.757
360,14.603,4.636,8.078,2.702,30.019
361,89.963,4.94,8.209,2.216,105.327
362,11.216,4.567,8.076,2.664,26.522
363,65.208,4.694,8.236,2.16,80.298
364,13.903,4.441,8.161,2.923,29.428
365,96.286,3.747,8.016,2.181,110.23
366,12.847,4.953,8.469,3.14,29.408
367,66.66,4.877,8.266,2.607,82.41
368,14.539,5.63,8.415,3.808,32.392
369,92.907,4.584,8.086,2.032,107.609
370,12.389,4.765,8.121,2.786,28.061
371,73.272,4.643,8.165,3.15,89.23
372,29.242,4.722,8.111,2.895,44.97
373,83.042,4.733,8.287,2.861,98.923
374,13.42,4.711,8.223,3.044,29.398
375,62.57,4.834,8.27,2.618,78.292
376,13.103,4.607,8.113,2.722,28.544
377,101.758,3.629,8.031,2.322,115.741
378,12.873,4.239,8.155,2.792,28.059
379,64.406,4.633,8.343,2.288,79.67
380,13.803,4.288,8.122,2.875,29.089
381,92.918,4.569,8.083,2.056,107.625
382,11.971,4.432,8.154,2.729,27.286
383,68.237,3.923,8.242,2.19,82.593
384,15.101,5.585,18.189,8.722,47.596
385,98.225,4.117,8.01,1.991,112.343
386,13.432,4.431,8.051,2.774,28.687
387,65.584,10.482,10.957,3.036,90.059
388,18.188,4.721,8.246,3.175,34.33
389,106.586,3.814,8.072,2.112,120.584
390,11.842,4.473,8.175,2.92,27.41
391,65.505,4.471,9.973,5.472,85.42
392,25.817,4.345,8.094,3.289,41.544
393,116.822,3.72,7.974,2.158,130.674
394,12.251,4.489,8.187,2.721,27.648
395,65.178,4.329,8.226,2.217,79.95
396,13.85,4.55,8.028,2.796,29.224
397,96.633,3.783,8.052,2.126,110.593
398,11.844,4.663,8.161,2.776,27.444
399,62.694,4.164,8.273,2.701,77.831
400,12.023,4.737,8.123,2.998,27.88
401,91.617,4.17,8.043,2.058,105.888
402,13.423,4.172,8.046,2.684,28.325
403,62.328,4.252,8.238,5.911,80.73
404,22.522,7.866,10.944,2.98,44.312
405,94.679,4.271,7.973,2.194,109.117
406,11.833,4.604,8.087,2.922,27.446
407,65.523,4.889,8.232,2.629,81.273
408,14.866,4.034,8.0,2.857,29.758
409,92.262,4.716,8.217,2.095,107.289
410,12.088,4.771,8.18,2.959,27.998
411,66.285,4.522,8.237,2.581,81.626
412,13.161,4.748,8.083,2.737,28.729
413,84.395,4.712,8.261,2.189,99.557
414,14.147,4.49,8.135,2.815,29.586
415,63.528,4.81,8.276,3.048,79.661
416,12.226,4.574,8.056,2.704,27.559
417,101.621,3.569,7.979,2.225,115.394
418,12.602,4.557,8.086,2.759,28.003
419,64.504,4.906,8.232,2.414,80.057
420,14.191,4.558,8.11,2.929,29.789
421,86.919,4.651,8.186,3.107,102.861
422,44.927,4.185,8.141,2.865,60.117
423,33.786,4.607,8.091,2.94,49.423
424,44.598,4.706,8.048,2.843,60.196
425,58.182,4.46,8.187,2.984,73.813
426,32.087,4.695,8.163,2.886,47.831
427,46.887,4.511,8.193,3.065,62.656
428,26.29,4.71,8.163,2.719,41.882
429,77.038,4.277,8.374,2.94,92.63
430,13.909,4.541,8.086,2.765,29.301
431,69.273,4.389,8.284,2.347,84.293
432,12.87,4.373,8.023,2.627,27.893
433,87.766,4.572,8.087,2.23,102.654
434,12.089,4.649,8.162,3.032,27.932
435,65.768,4.524,8.234,2.324,80.849
436,13.441,4.153,8.105,2.893,28.593
437,98.46,4.614,8.32,3.409,114.803
438,16.43,4.443,8.064,2.625,31.561
439,67.2,4.333,8.234,1.973,81.741
440,13.375,4.656,8.035,2.713,28.78
441,95.132,3.724,7.978,2.103,108.936
442,13.198,4.32,8.122,2.771,28.412
443,64.25,4.716,8.209,2.9,80.075
444,13.819,4.471,8.069,2.956,29.315
445,97.019,4.155,7.97,2.304,111.448
446,13.43,4.325,8.101,3.02,28.875
447,72.987,4.887,8.222,2.256,88.353
448,13.736,4.651,8.05,2.9,29.337
449,91.822,4.17,7.989,2.144,106.125
450,11.572,4.351,8.146,2.795,26.863
451,70.826,4.682,8.231,2.202,85.941
452,13.892,4.724,8.169,2.862,29.648
453,92.391,4.668,8.105,2.483,107.646
454,16.097,4.416,9.249,6.879,36.641
455,75.562,4.653,8.243,2.65,91.107
456,11.861,4.644,8.015,2.879,27.399
457,100.969,3.698,7.987,2.175,114.829
458,12.916,4.492,8.104,2.736,28.248
459,61.867,4.797,8.275,2.754,77.692
460,14.265,4.092,8.111,2.758,29.227
461,94.026,4.731,7.987,2.135,108.878
462,13.605,4.292,8.144,2.84,28.882
463,64.282,4.659,8.204,3.035,80.18
464,15.401,4.734,8.136,2.682,30.952
465,91.029,4.449,8.006,2.143,105.627
466,13.173,4.517,8.112,2.849,28.651
467,64.723,4.844,8.24,2.903,80.71
468,17.561,4.504,8.066,3.007,33.137
469,86.071,4.746,8.269,2.65,101.737
470,13.653,4.547,8.091,2.826,29.118
471,78.115,4.651,8.159,3.032,93.957
472,29.737,6.42,8.151,2.786,47.094
473,69.998,3.933,8.175,3.086,85.192
474,26.961,4.527,8.118,2.901,42.507
475,56.812,4.754,8.22,2.883,72.669
476,24.57,4.524,8.255,2.812,40.161
477,131.791,3.69,8.007,2.207,145.695
478,13.029,5.106,8.573,3.659,30.368
479,69.352,4.707,8.226,2.114,84.4
480,15.901,4.615,8.154,2.831,31.501
481,88.35,4.743,8.236,2.109,103.439
482,12.832,4.549,8.074,2.913,28.368
483,69.232,4.511,8.186,2.676,84.605
484,13.49,4.643,8.154,2.714,29.002
485,92.919,4.773,8.25,2.126,108.069
486,13.305,4.355,8.157,2.857,28.675
487,79.575,4.862,8.222,3.033,95.691
488,36.929,4.494,8.156,2.775,52.355
489,67.71,4.254,8.216,2.888,83.069
490,24.378,4.575,8.122,3.025,40.099
491,56.562,4.683,8.169,2.789,72.203
492,25.065,4.375,8.072,2.751,40.263
493,76.242,4.724,8.273,3.051,92.29
494,21.686,4.316,8.172,2.719,36.893
495,63.12,4.606,8.222,2.879,78.828
496,19.576,4.717,8.154,2.904,35.351
497,52.327,4.476,7.975,2.595,67.372
498,47.555,4.422,8.093,2.794,62.864
499,43.267,4.31,8.109,2.797,58.483
500,46.339,4.544,8.345,2.973,62.202
501,32.968,4.791,8.165,3.047,48.971
502,51.384,4.726,8.22,2.949,67.279
503,67.529,4.595,8.246,6.633,87.004
504,109.461,10.159,10.491,4.857,134.967
505,174.433,14.436,17.383,5.42,211.671
506,68.527,7.01,8.07,5.57,89.178
507,161.059,4.526,8.113,2.595,176.293
508,25.31,8.42,10.19,2.639,46.559
509,124.898,5.128,8.412,2.701,141.139
510,19.273,4.666,8.158,3.04,35.136
511,177.967,4.684,8.018,2.507,193.176
512,22.074,12.061,11.071,8.766,53.972
513,134.82,8.516,10.885,2.955,157.176
514,24.738,6.122,11.061,4.74,46.661
515,178.063,8.563,8.037,2.702,197.364
516,20.71,8.166,10.753,4.55,44.179
517,137.63,6.105,8.028,2.617,154.379
518,22.943,7.954,11.184,4.497,46.578
519,174.547,4.715,8.059,2.501,189.821
520,22.566,10.164,11.431,4.633,48.794
521,123.559,8.447,11.237,4.713,147.956
522,32.351,9.862,17.071,10.264,69.548
523,100.704,6.588,8.223,3.613,119.128
524,106.309,4.926,8.438,3.17,122.844
525,45.066,5.861,16.315,7.006,74.247
526,32.925,5.194,8.229,3.644,49.992
527,173.666,4.619,8.145,2.454,188.885
528,23.714,8.306,10.674,4.522,47.216
529,73.502,4.662,8.1,2.683,88.946
530,145.661,8.478,10.151,2.829,167.12
531,27.356,10.764,8.93,4.951,52.001
532,173.185,4.578,8.137,2.915,188.815
533,22.972,8.089,10.852,4.8,46.713
534,130.447,8.156,11.445,4.652,154.7
535,73.301,8.592,10.421,4.665,96.979
536,115.713,7.539,10.894,4.782,138.928
537,24.439,8.579,10.33,5.536,48.884
538,123.276,8.354,10.537,4.611,146.778
539,79.331,8.626,11.092,4.843,103.893
540,90.3,8.15,10.831,5.299,114.58
541,49.272,11.753,12.489,6.844,80.357
542,78.826,9.638,9.939,4.723,103.125
543,69.567,9.934,10.666,7.747,97.914
544,111.399,4.431,8.011,2.574,126.416
545,21.9,8.352,10.936,5.118,46.307
546,139.238,10.473,11.0,4.355,165.066
547,79.295,8.6,10.777,5.118,103.79
548,120.475,8.763,10.654,4.723,144.616
549,30.733,4.676,8.136,2.94,46.485
550,50.723,4.552,8.111,2.956,66.341
551,53.839,4.445,8.123,3.07,69.477
552,39.455,4.536,8.132,2.855,54.979
553,42.993,4.481,8.17,2.978,58.621
554,34.329,4.34,8.071,2.821,49.56
555,74.767,4.431,11.378,7.202,97.778
556,24.293,4.875,8.119,4.633,41.919
557,69.725,4.384,8.211,1.948,84.268
558,13.931,4.529,8.057,2.729,29.245
559,89.057,4.916,8.015,2.094,104.081
560,13.043,3.922,8.043,2.823,27.831
561,67.205,4.609,8.227,2.351,82.392
562,13.747,4.47,8.007,6.012,32.237
563,90.973,4.612,8.031,2.108,105.723
564,13.212,4.486,8.128,2.714,28.54
565,65.563,4.669,8.22,2.891,81.343
566,18.413,4.338,8.049,2.835,33.635
567,89.752,4.598,8.22,2.138,104.707
568,13.253,4.228,8.065,3.025,28.571
569,70.447,4.671,8.23,2.989,86.337
570,12.643,4.493,8.046,2.874,28.056
571,99.431,4.725,7.966,2.415,114.538
572,13.689,4.427,8.131,5.866,32.112
573,69.408,4.582,8.369,3.002,85.361
574,25.85,4.536,8.085,2.65,41.121
575,85.694,4.72,8.102,2.902,101.419
576,14.646,4.019,8.101,2.627,29.394
577,63.216,4.163,8.195,2.894,78.467
578,20.583,4.358,8.111,2.822,35.874
579,85.328,4.658,8.163,2.101,100.251
580,13.671,4.279,8.089,2.877,28.917
581,66.4,4.572,8.183,3.276,82.431
582,12.002,4.433,8.051,2.656,27.141
583,96.511,3.794,7.992,2.22,110.517
584,12.887,4.248,8.097,2.799,28.03
585,67.643,4.724,8.16,2.962,83.489
586,12.126,4.456,8.063,2.792,27.438
587,98.003,4.82,8.226,2.201,113.251
588,13.829,4.404,8.054,2.861,29.149
589,88.311,6.043,8.218,2.045,104.617
590,14.091,4.245,8.082,2.919,29.337
591,89.96,4.622,8.16,2.044,104.787
592,13.097,4.429,8.092,2.846,28.464
593,64.884,4.537,8.206,2.909,80.535
594,16.377,4.665,8.036,2.651,31.729
595,93.807,4.779,8.175,2.063,108.823
596,13.171,9.09,8.089,3.174,33.523
597,71.078,4.801,8.181,1.983,86.042
598,13.399,4.316,8.133,2.918,28.766
599,90.188,4.594,8.073,2.187,105.041
600,12.878,4.467,8.11,2.707,28.162
601,65.324,4.261,8.203,2.946,80.734
602,13.186,4.528,8.075,2.67,28.459
603,102.207,3.93,8.806,2.342,117.286
604,16.223,4.584,8.187,2.926,31.919
605,78.616,7.64,11.183,3.838,101.278
606,13.252,4.564,8.052,2.661,28.53
607,94.543,4.747,8.191,2.131,109.612
608,13.928,5.861,8.367,3.447,31.603
609,69.405,4.518,8.257,3.051,85.231
610,13.156,4.451,8.068,2.73,28.405
611,95.849,4.442,8.094,3.206,111.591
612,12.09,4.55,8.075,2.795,27.511
613,70.467,5.064,8.205,2.168,85.904
614,13.794,4.629,8.059,2.608,29.09
615,99.226,3.761,7.99,2.145,113.123
616,12.049,4.018,8.107,2.632,26.806
617,72.853,4.402,8.428,2.146,87.829
618,12.381,4.26,8.069,2.627,27.337
619,91.724,4.595,8.417,2.106,106.843
620,13.605,4.357,8.096,2.949,29.006
621,66.954,6.162,8.353,5.783,87.251
622,23.207,8.752,8.12,2.933,43.012
623,100.48,4.622,8.018,2.144,115.264
624,12.219,4.293,8.098,2.683,27.294
625,75.694,4.613,8.2,2.457,90.964
626,13.744,4.53,8.021,2.61,28.905
627,97.176,4.129,8.048,2.081,111.434
628,12.463,4.558,8.135,2.827,27.982
629,70.21,3.919,8.203,2.317,84.649
630,13.542,3.973,8.078,2.756,28.35
631,93.918,4.466,8.091,2.257,108.732
632,13.16,4.327,8.222,2.852,28.56
633,64.192,4.06,8.179,2.801,79.232
634,24.612,4.493,8.067,2.783,39.955
635,92.81,4.473,8.052,2.065,107.4
636,13.58,4.358,8.047,2.638,28.624
637,63.498,4.314,11.028,4.945,83.784
638,15.868,4.434,8.048,3.039,31.389
639,115.216,3.612,8.006,2.179,129.013
640,12.507,4.431,8.095,3.133,28.166
641,74.571,4.531,8.2,2.073,89.375
642,13.556,3.924,8.075,2.761,28.316
643,95.679,4.607,8.19,2.19,110.667
644,13.339,4.227,8.157,2.979,28.702
645,67.016,4.581,8.271,2.457,82.324
646,13.362,4.003,8.001,2.668,28.035
647,96.719,8.686,8.004,2.203,115.612
648,13.745,4.637,8.123,2.936,29.441
649,72.248,4.193,8.184,2.027,86.652
650,13.618,4.142,8.065,2.761,28.585
651,92.059,4.485,7.918,2.049,106.511
652,13.103,4.421,8.017,2.808,28.349
653,60.637,6.287,8.232,3.814,78.97
654,25.862,10.09,12.443,4.934,53.329
655,88.599,4.256,8.181,2.943,103.979
656,18.26,4.02,8.103,2.756,33.139
657,57.079,4.617,8.237,2.918,72.85
658,16.057,4.611,8.228,2.641,31.536
659,92.327,4.654,8.139,1.981,107.1
660,11.884,4.372,8.163,2.92,27.339
661,67.523,4.767,8.19,2.184,82.664
662,13.618,4.242,8.053,2.718,28.631
663,96.445,3.825,7.974,2.188,110.431
664,11.697,4.581,8.149,2.773,27.199
665,69.57,4.708,8.231,2.177,84.686
666,12.844,4.71,8.088,2.678,28.321
667,100.51,4.749,8.252,2.149,115.66
668,13.466,3.861,8.07,2.751,28.149
669,69.049,4.602,8.162,2.319,84.132
670,13.753,4.122,8.057,2.855,28.788
671,118.076,3.735,8.281,2.291,132.383
672,13.386,4.546,8.089,2.979,29.0
673,63.551,4.785,8.174,3.158,79.668
674,13.858,4.387,8.066,2.841,29.152
675,102.808,3.718,7.985,2.131,116.642
676,11.794,4.512,8.176,2.863,27.346
677,65.216,4.551,8.156,2.008,79.931
678,13.917,4.586,8.055,2.93,29.487
679,85.917,4.945,8.305,2.891,102.058
680,13.303,4.285,8.092,2.769,28.448
681,63.549,4.723,8.183,2.75,79.204
682,11.797,4.644,8.048,2.852,27.342
683,98.146,3.575,8.014,2.176,111.911
684,13.589,4.6,8.091,2.784,29.064
685,65.265,4.738,8.231,2.316,80.55
686,12.231,3.694,8.077,2.911,26.913
687,118.532,5.377,8.084,2.303,134.296
688,11.503,4.498,8.113,2.747,26.862
689,68.442,4.558,8.257,2.277,83.535
690,13.589,4.133,8.13,3.243,29.095
691,93.256,3.93,8.042,2.107,107.335
692,13.353,4.484,8.155,2.904,28.896
693,56.693,4.74,8.184,2.923,72.54
694,23.332,4.324,8.081,2.779,38.515
695,98.818,3.964,8.156,2.203,113.141
696,11.044,4.473,8.31,2.761,26.588
697,68.107,4.935,8.257,2.094,83.394
698,13.575,4.262,8.096,2.754,28.687
699,93.062,4.35,7.937,2.145,107.494
700,12.062,4.684,8.209,2.947,27.902
701,68.735,4.372,8.21,2.202,83.52
702,14.252,4.998,8.133,2.856,30.239
703,115.805,5.977,8.231,2.898,132.912
704,13.308,4.343,8.126,2.978,28.754
705,75.695,11.471,13.831,3.523,104.519
706,19.259,6.572,10.134,6.108,42.073
707,163.928,5.17,8.187,3.109,180.394
708,23.817,9.222,11.25,4.759,49.048
709,95.577,4.43,8.357,4.734,113.097
710,42.458,8.537,9.166,4.924,65.086
711,128.047,8.49,11.143,4.603,152.282
712,46.034,8.24,10.82,4.538,69.631
713,81.608,7.958,10.947,4.747,105.26
714,64.32,9.315,10.495,5.722,89.852
715,158.106,8.186,8.668,3.014,177.973
716,20.339,4.656,8.3,3.077,36.372
717,109.735,4.335,8.021,2.676,124.766
718,20.883,8.46,11.334,4.504,45.182
719,186.914,4.26,8.075,2.637,201.885
720,22.443,7.902,11.015,4.613,45.973
721,126.452,8.54,11.21,2.652,148.854
722,23.384,7.854,11.05,4.544,46.831
723,183.234,4.847,8.279,2.685,199.044
724,24.367,9.512,15.262,8.162,57.303
725,89.511,4.563,8.184,2.988,105.247
726,163.747,26.177,34.888,11.271,236.083
727,231.084,10.714,18.064,26.852,286.714
728,146.412,8.46,10.424,4.64,169.936
729,99.73,8.536,10.559,5.754,124.579
730,48.861,7.849,10.845,4.593,72.149
731,161.706,5.232,8.18,2.78,177.897
732,22.876,6.557,10.795,4.612,44.84
733,131.704,8.906,10.859,5.282,156.751
734,31.484,12.897,17.01,9.005,70.396
735,143.699,8.566,10.603,4.682,167.55
736,28.386,9.602,11.212,4.658,53.857
737,121.762,7.113,10.756,3.198,142.828
738,23.935,6.762,11.157,5.245,47.099
739,164.819,12.378,8.839,2.765,188.801
740,23.24,8.532,11.353,4.612,47.736
741,125.636,5.193,8.192,3.217,142.238
742,24.326,8.506,11.068,5.142,49.043
743,190.439,4.471,8.158,3.114,206.182
744,22.536,8.445,11.408,5.471,47.86
745,93.748,3.684,7.973,2.373,107.779
746,13.685,4.047,8.052,2.725,28.509
747,50.855,4.328,7.99,2.529,65.702
748,74.39,4.496,8.137,2.738,89.761
749,19.047,4.463,8.083,2.735,34.328
750,72.722,4.483,8.188,2.322,87.715
751,13.466,4.468,8.09,2.744,28.768
752,58.676,4.475,8.076,5.674,76.901
753,36.163,4.663,8.101,2.753,51.681
754,61.609,4.438,8.191,2.946,77.184
755,14.495,4.213,8.149,2.824,29.681
756,77.369,5.649,8.122,2.945,94.084
757,61.362,4.687,8.242,2.851,77.142
758,33.774,4.391,8.076,2.847,49.087
759,45.462,4.12,8.105,2.844,60.531
760,24.637,4.524,8.054,2.653,39.868
761,80.621,4.703,8.193,2.314,95.831
762,13.312,4.607,8.066,2.791,28.777
763,59.001,4.412,8.118,2.605,74.136
764,13.835,4.659,8.116,2.992,29.603
765,94.767,3.488,7.97,2.112,108.337
766,12.819,4.514,8.082,2.626,28.041
767,63.297,4.465,8.164,2.113,78.039
768,13.54,4.395,8.031,2.804,28.769
769,93.566,3.728,8.067,2.007,107.367
770,13.16,4.376,8.09,2.727,28.353
771,61.484,4.564,8.13,2.613,76.792
772,13.555,4.394,8.055,2.902,28.905
773,117.458,4.074,8.267,2.209,132.008
774,13.174,4.463,8.113,2.771,28.52
775,55.445,4.355,8.156,2.946,70.903
776,14.703,4.104,7.996,2.666,29.469
777,108.973,3.625,8.069,2.162,122.829
778,13.494,4.53,8.154,2.928,29.106
779,50.247,4.556,8.197,3.032,66.032
780,20.448,4.576,8.061,2.656,35.74
781,89.872,3.79,7.942,2.31,103.915
782,13.189,4.338,8.142,2.709,28.378
783,52.075,4.57,8.139,2.766,67.551
784,14.09,4.521,8.009,2.593,29.213
785,101.38,3.709,7.946,2.099,115.134
786,14.452,4.454,8.107,2.785,29.798
787,56.823,4.574,8.195,1.984,71.576
788,13.754,4.612,8.029,2.609,29.005
789,98.705,3.534,7.966,2.398,112.603
790,22.525,7.574,8.327,2.822,41.248
791,68.717,3.55,8.0,2.087,82.355
792,13.559,4.205,8.031,2.662,28.458
793,95.642,3.66,7.98,2.025,109.308
794,12.345,4.35,8.252,3.087,28.034
795,53.721,4.644,8.213,2.249,68.826
796,12.158,4.631,8.08,2.884,27.753
797,116.508,3.662,7.963,2.038,130.172
798,11.61,4.771,8.174,2.676,27.232
799,54.273,4.147,8.104,2.349,68.873
800,10.697,4.363,8.104,2.576,25.739
801,103.6,3.78,7.998,2.185,117.563
802,11.795,4.462,8.145,2.774,27.176
803,53.895,4.391,8.18,2.134,68.6
804,13.889,4.439,8.07,2.654,29.052
805,95.57,3.634,7.946,1.998,109.149
806,11.806,3.902,8.721,3.307,27.735
807,60.876,8.95,8.776,3.002,81.603
808,13.833,4.436,8.057,2.817,29.142
809,101.615,3.703,7.938,2.144,115.399
810,11.915,4.516,8.147,2.783,27.362
811,51.057,4.566,8.175,2.092,65.889
812,13.418,4.073,8.006,2.606,28.102
813,95.308,3.68,7.989,2.094,109.071
814,12.311,4.593,8.172,2.934,28.011
815,49.05,4.45,8.189,2.676,64.365
816,12.275,4.481,8.016,6.728,31.5
817,115.005,3.681,8.068,2.258,129.012
818,11.334,4.406,8.149,2.916,26.806
819,48.867,4.514,8.188,2.531,64.1
820,12.55,4.566,8.072,2.744,27.932
821,105.529,3.595,8.02,2.12,119.264
822,15.392,4.528,8.19,3.255,31.365
823,44.987,4.689,9.276,3.019,61.97
824,19.228,4.44,8.562,6.999,39.229
825,112.01,3.942,8.018,2.057,126.026
826,11.678,4.599,8.157,3.123,27.558
827,47.8,4.494,8.146,2.896,63.337
828,15.416,4.568,8.08,2.831,30.895
829,101.933,3.708,7.944,2.225,115.811
830,12.414,4.407,8.135,2.588,27.544
831,49.533,4.61,8.137,2.063,64.343
832,13.628,4.36,8.08,2.737,28.805
833,94.421,3.509,8.033,2.184,108.147
834,12.042,4.641,8.061,2.684,27.428
835,49.646,4.572,8.207,2.44,64.866
836,16.162,4.594,8.027,2.715,31.499
837,118.085,3.891,8.005,2.053,132.033
838,12.889,4.377,8.14,2.827,28.233
839,47.107,4.232,8.184,3.002,62.524
840,19.19,4.656,8.128,2.919,34.893
841,99.338,4.387,8.245,3.331,115.3
842,13.193,4.403,8.152,2.679,28.426
843,48.243,4.186,8.124,2.79,63.343
844,14.545,4.189,8.078,2.708,29.519
845,102.013,4.121,8.178,3.189,117.501
846,13.462,4.536,8.092,2.865,28.956
847,49.667,4.731,8.236,2.571,65.205
848,13.475,4.375,8.099,2.833,28.783
849,100.306,3.628,7.962,2.311,114.207
850,12.389,4.608,8.169,2.726,27.892
851,52.965,4.537,8.162,2.549,68.212
852,13.653,4.587,8.075,2.858,29.172
853,94.657,3.696,7.966,2.159,108.478
854,12.105,4.271,8.081,2.716,27.173
855,55.153,4.862,8.335,3.18,71.53
856,12.739,4.689,8.057,2.796,28.28
857,118.249,3.618,7.995,2.008,131.87
858,12.257,4.434,8.102,2.832,27.626
859,79.339,3.68,8.045,2.154,93.219
860,12.865,4.171,8.12,2.927,28.083
861,102.164,4.252,8.313,2.168,116.897
862,11.744,4.218,8.158,2.977,27.097
863,50.974,4.487,8.194,2.09,65.745
864,13.638,4.239,8.101,2.539,28.515
865,101.874,3.851,7.98,2.218,115.924
866,12.099,4.088,8.103,2.892,27.182
867,52.122,4.75,8.217,2.352,67.441
868,13.105,4.204,8.01,2.7,28.019
869,105.499,4.079,8.076,2.093,119.747
870,13.398,4.633,8.111,2.738,28.881
871,45.979,4.511,8.141,3.035,61.665
872,19.831,4.276,8.049,2.801,34.956
873,88.938,3.594,7.928,1.978,102.438
874,13.918,4.197,8.128,2.646,28.89
875,45.612,4.175,8.106,2.827,60.72
876,19.883,4.013,8.043,5.836,37.776
877,116.83,3.686,8.044,2.115,130.674
878,13.195,4.288,8.135,2.716,28.333
879,49.201,4.368,8.108,2.825,64.502
880,17.521,4.52,8.037,2.974,33.052
881,92.702,4.273,8.155,2.293,107.424
882,12.158,4.307,8.082,2.709,27.255
883,48.228,4.428,8.112,2.946,63.714
884,16.481,4.382,8.089,2.953,31.905
885,96.78,3.749,7.996,2.182,110.706
886,11.359,4.376,8.194,2.964,26.893
887,58.437,4.331,8.187,2.366,73.321
888,13.897,4.744,8.051,2.725,29.417
889,119.839,6.462,8.496,3.301,138.097
890,16.036,4.159,8.108,2.74,31.044
891,55.851,4.633,8.143,2.071,70.698
892,11.02,4.554,8.304,2.737,26.615
893,103.061,4.506,8.244,3.023,118.833
894,15.947,4.909,8.499,3.607,32.961
895,51.067,4.589,8.244,2.679,66.579
896,15.672,4.012,8.035,2.769,30.488
897,108.756,3.993,8.362,2.328,123.438
898,13.241,4.478,8.198,2.856,28.773
899,49.704,4.342,8.143,5.711,67.899
900,11.523,4.641,8.047,2.854,27.064
901,101.324,3.724,7.955,2.096,115.099
902,14.284,4.424,8.092,2.785,29.584
903,49.508,7.135,8.21,2.178,67.031
904,13.853,4.472,8.106,3.351,29.782
905,100.366,3.726,7.939,2.115,114.146
906,12.172,4.663,8.106,2.93,27.871
907,57.274,4.657,8.182,2.136,72.248
908,18.686,4.668,8.46,5.078,36.893
909,162.985,8.531,9.727,3.322,184.565
910,12.25,8.377,8.385,4.518,33.529
911,89.948,4.84,8.264,4.841,107.894
912,21.57,9.908,11.268,4.624,47.369
913,139.339,4.659,8.117,2.913,155.027
914,22.441,7.999,9.443,6.829,46.712
915,54.33,4.243,8.033,3.031,69.638
916,110.596,8.109,10.802,4.615,134.122
917,143.723,8.635,10.918,4.632,167.907
918,36.006,8.188,10.991,4.585,59.77
919,78.831,8.581,10.892,5.018,103.322
920,51.383,8.346,11.14,5.814,76.682
921,161.687,8.374,10.206,2.63,182.897
922,23.797,8.862,11.367,4.46,48.487
923,98.454,8.001,10.956,4.169,121.58
924,21.09,8.524,10.183,2.358,42.156
925,197.816,4.296,8.065,2.675,212.852
926,23.53,6.434,11.512,5.121,46.597
927,58.567,4.55,9.426,3.287,75.829
928,117.127,4.866,8.202,3.055,133.25
929,32.708,6.592,11.838,4.966,56.104
930,123.085,4.351,8.123,2.671,138.23
931,20.991,10.473,10.174,2.938,44.576
932,106.15,9.451,10.498,4.651,130.749
933,135.402,6.69,11.143,4.739,157.974
934,38.312,8.611,11.225,4.796,62.943
935,87.318,6.411,11.373,6.816,111.918
936,31.558,6.519,11.195,2.472,51.744
937,205.581,4.453,8.151,2.639,220.824
938,23.101,8.766,11.426,4.56,47.852
939,94.278,7.851,11.135,4.638,117.901
940,33.68,10.674,8.506,4.557,57.418
941,181.358,5.227,9.212,3.112,198.909
942,21.767,5.682,10.232,4.672,42.352
943,99.201,7.789,11.219,2.597,120.806
944,24.212,6.711,11.11,7.88,49.913
945,136.407,7.441,8.232,4.154,156.233
946,43.215,8.742,10.907,4.626,67.491
947,65.495,8.353,11.372,4.688,89.908
948,42.533,5.519,8.236,3.169,59.457
949,181.671,4.732,8.182,2.998,197.583
950,24.264,7.684,9.417,3.665,45.03
951,66.883,6.766,8.606,3.066,85.32
952,74.911,8.554,12.6,8.711,104.776
953,63.475,6.953,9.679,3.192,83.299
954,48.612,4.732,8.219,3.113,64.676
955,19.474,4.736,8.174,2.855,35.24
956,44.389,4.581,8.116,2.67,59.756
957,89.786,4.568,8.228,2.441,105.024
958,13.121,4.668,8.147,2.869,28.804
959,55.496,4.607,8.245,2.581,70.93
960,13.366,4.458,8.12,2.663,28.607
961,103.429,3.803,8.007,2.333,117.571
962,13.891,4.796,8.227,2.977,29.893
963,49.796,4.829,8.25,2.982,65.857
964,17.139,4.579,8.163,2.759,32.639
965,99.574,3.698,7.981,1.975,113.229
966,11.912,4.565,8.152,2.91,27.539
967,50.75,4.783,8.216,2.421,66.169
968,13.754,4.503,8.115,2.833,29.205
969,107.362,3.813,8.015,2.19,121.38
970,12.454,6.566,8.32,3.206,30.546
971,84.084,4.089,8.021,2.194,98.389
972,12.069,4.814,8.149,2.92,27.951
973,98.942,3.759,7.948,2.139,112.788
974,11.909,4.573,8.194,2.886,27.562
975,51.919,4.569,8.214,2.691,67.393
976,14.05,4.745,8.065,2.868,29.728
977,116.229,3.577,8.03,2.33,130.166
978,11.818,4.669,8.203,3.009,27.699
979,52.825,4.699,8.206,3.137,68.868
980,12.88,4.767,8.089,2.909,28.645
981,101.946,3.594,7.977,2.278,115.794
982,11.794,4.66,8.196,2.815,27.465
983,51.516,4.775,8.242,2.102,66.636
984,13.966,4.638,8.122,2.708,29.433
985,105.609,3.766,7.96,2.385,119.72
986,12.497,4.327,8.087,2.865,27.776
987,56.421,4.716,8.152,3.087,72.377
988,44.361,4.665,8.101,2.94,60.067
989,75.506,4.634,8.19,2.819,91.15
990,14.453,4.624,8.072,2.541,29.69
991,50.412,4.65,8.164,2.429,65.655
992,13.713,4.38,8.099,2.87,29.061
993,95.477,3.698,7.973,2.191,109.34
994,12.197,4.615,8.145,3.081,28.038
995,55.883,4.785,8.254,2.051,70.973
996,13.51,4.52,8.264,2.738,29.032
997,37.498,4.558,7.948,2.595,52.598
998,89.619,4.483,8.161,2.845,105.108
999,11.898,4.471,8.134,2.803,27.305
1000,70.056,3.581,7.972,2.207,83.817
1001,15.307,4.206,8.166,2.927,30.606
1002,51.541,4.597,8.075,2.664,66.877
1003,64.962,4.464,8.179,2.986,80.591
1004,26.34,4.628,8.121,2.796,41.884
1005,49.057,9.204,11.158,2.96,72.379
1006,24.521,4.598,8.21,2.839,40.168
1007,91.519,3.661,8.005,2.646,105.831
1008,11.821,4.452,8.138,2.687,27.097
1009,51.216,4.482,8.247,2.934,66.878
1010,13.654,4.158,8.035,2.692,28.538
1011,96.594,3.697,8.023,2.147,110.461
1012,12.055,4.461,8.12,2.759,27.395
1013,51.079,4.683,8.154,2.551,66.468
1014,10.664,4.596,8.055,2.752,26.066
1015,115.982,3.796,7.958,2.352,130.087
1016,12.82,4.305,8.089,3.007,28.221
1017,53.111,4.467,8.178,2.542,68.298
1018,13.624,4.72,8.064,2.846,29.253
1019,102.247,3.56,7.998,2.042,115.847
1020,12.667,4.409,8.121,2.81,28.008
1021,52.749,4.707,8.202,2.032,67.69
1022,14.067,4.494,8.028,11.948,38.537
1023,107.462,3.76,8.013,2.192,121.427
1024,12.282,4.551,8.408,2.871,28.113
1025,50.028,4.571,8.167,2.893,65.66
1026,15.074,4.481,8.098,2.892,30.545
1027,96.321,3.695,7.998,2.083,110.097
1028,11.896,4.734,8.174,3.006,27.81
1029,54.895,4.62,8.302,2.582,70.399
1030,13.695,4.708,8.056,2.835,29.293
1031,94.204,3.71,7.969,2.225,108.109
1032,12.171,4.741,8.159,2.962,28.034
1033,50.697,4.529,8.163,2.495,65.884
1034,13.884,4.57,8.126,2.743,29.324
1035,111.447,3.887,8.048,2.233,125.615
1036,11.917,4.502,8.125,2.962,27.507
1037,54.196,4.677,8.214,1.975,69.061
1038,13.672,4.166,8.053,2.819,28.711
1039,109.25,4.536,8.23,2.595,124.611
1040,13.25,4.335,8.114,2.804,28.504
1041,50.842,4.536,8.214,2.103,65.695
1042,14.023,4.667,8.114,2.929,29.733
1043,100.827,3.735,7.997,2.226,114.785
1044,12.343,4.675,8.146,2.809,27.974
1045,57.708,4.834,8.23,2.234,73.006
1046,14.192,4.616,8.07,2.765,29.644
1047,103.888,3.615,8.076,2.401,117.98
1048,12.189,4.375,8.07,2.708,27.341
1049,59.413,4.873,8.208,2.263,74.758
1050,14.079,4.547,8.103,2.948,29.678
1051,107.141,3.799,8.109,2.185,121.235
1052,12.042,4.824,8.13,2.809,27.804
1053,53.774,4.597,8.184,2.206,68.761
1054,14.038,7.462,8.136,2.837,32.473
1055,108.986,3.596,7.966,2.057,122.605
1056,18.758,11.125,14.173,7.069,51.126
1057,37.983,4.59,8.129,2.876,53.578
1058,27.931,4.63,8.12,2.765,43.447
1059,98.78,3.73,7.991,2.206,112.707
1060,12.225,4.421,8.061,2.749,27.455
1061,56.786,4.53,8.194,2.943,72.453
1062,15.926,4.693,8.175,2.721,31.515
1063,102.111,3.706,7.955,2.065,115.837
1064,12.316,4.593,8.16,2.938,28.006
1065,56.726,4.629,8.216,2.333,71.905
1066,13.46,4.362,8.134,2.781,28.737
1067,103.962,3.675,7.954,2.048,117.639
1068,11.985,4.515,8.079,2.89,27.469
1069,52.746,4.519,8.251,2.277,67.793
1070,24.893,5.455,8.217,2.933,41.498
1071,92.602,3.849,7.967,2.349,106.767
1072,15.144,4.326,8.068,2.635,30.173
1073,76.334,4.759,8.08,2.3,91.472
1074,14.542,4.566,8.037,2.758,29.903
1075,113.032,3.911,8.014,2.057,127.015
1076,11.832,4.466,8.12,2.962,27.38
1077,54.924,4.77,8.23,2.164,70.088
1078,13.757,4.328,8.078,2.798,28.961
1079,104.699,3.575,7.995,2.136,118.405
1080,11.837,4.606,8.122,2.715,27.28
1081,54.75,4.744,8.136,2.0,69.629
1082,14.148,4.532,8.06,2.806,29.545
1083,107.668,3.64,7.983,2.223,121.513
1084,11.712,4.401,8.155,2.915,27.183
1085,53.927,4.729,8.866,2.206,69.729
1086,14.053,4.684,8.054,2.893,29.683
1087,104.242,3.708,7.965,2.171,118.086
1088,11.936,4.562,8.089,2.926,27.513
1089,52.858,4.54,8.228,4.692,70.318
1090,20.091,4.764,8.136,3.375,36.366
1091,116.619,3.787,8.026,2.177,130.61
1092,12.295,4.561,8.133,2.961,27.951
1093,51.998,4.744,8.233,2.431,67.406
1094,14.298,4.735,8.089,2.847,29.968
1095,110.579,3.667,8.125,2.267,124.638
1096,12.017,4.433,8.174,2.767,27.391
1097,50.94,4.204,8.225,2.103,65.473
1098,13.625,4.503,8.073,2.718,28.919
1099,107.849,3.698,8.034,2.168,121.748
1100,11.997,4.509,8.101,2.838,27.445
1101,51.26,4.751,8.258,2.479,66.748
1102,12.225,4.634,8.062,2.757,27.677
1103,112.938,3.654,7.948,2.113,126.653
1104,11.396,4.453,8.178,2.629,26.656
1105,51.551,4.362,8.21,2.646,66.768
1106,13.669,4.281,8.048,2.721,28.719
1107,124.553,3.698,7.983,2.17,138.404
1108,11.797,6.057,8.778,3.605,30.237
1109,52.048,4.636,8.285,2.655,67.625
1110,13.685,4.745,8.15,2.997,29.576
1111,99.451,3.808,7.975,2.197,113.431
1112,12.734,4.607,8.268,2.949,28.559
1113,50.764,4.556,8.209,3.119,66.649
1114,14.365,4.603,8.165,2.825,29.959
1115,135.319,4.601,8.243,3.196,151.36
1116,84.97,4.427,8.095,2.712,100.203
1117,24.157,6.454,8.214,2.814,41.638
1118,146.223,9.419,8.254,3.289,167.185
1119,24.012,8.361,10.984,4.619,47.977
1120,142.337,4.652,8.088,2.696,157.773
1121,24.116,8.163,11.098,4.71,48.087
1122,95.414,8.4,11.313,4.964,120.091
1123,142.311,6.678,12.903,4.677,166.569
1124,34.285,7.526,9.815,3.363,54.988
1125,86.419,4.121,8.015,2.646,101.2
1126,25.099,7.396,11.276,4.618,48.388
1127,163.25,7.85,11.141,4.609,186.849
1128,39.426,7.787,11.056,4.621,62.889
1129,76.261,7.76,11.225,4.709,99.955
1130,48.77,7.777,10.621,4.634,71.803
1131,185.252,6.095,8.19,5.118,204.656
1132,25.946,8.394,11.104,4.504,49.948
1133,36.167,4.861,8.354,3.365,52.746
1134,127.517,7.846,12.064,2.581,150.008
1135,22.034,7.146,8.498,6.856,44.534
1136,102.553,5.19,8.345,3.577,119.666
1137,27.785,10.672,11.258,4.737,54.452
1138,76.661,13.355,21.106,8.99,120.113
1139,85.012,11.117,14.083,3.483,113.696
1140,22.577,10.156,11.316,4.733,48.781
1141,94.629,6.298,8.178,2.829,111.935
1142,24.51,8.363,10.553,2.555,45.981
1143,188.491,4.438,8.134,2.753,203.816
1144,23.196,8.498,11.235,4.612,47.541
1145,91.021,7.821,11.264,3.129,113.235
1146,31.382,7.344,11.208,4.738,54.672
1147,180.259,4.48,8.044,2.655,195.438
1148,20.368,9.931,11.257,4.562,46.118
1149,104.619,8.593,10.958,2.477,126.646
1150,23.623,8.245,9.154,6.77,47.792
1151,188.003,4.485,8.222,2.929,203.64
1152,22.582,13.98,20.267,4.379,61.208
1153,60.976,5.611,8.397,10.01,84.994
1154,45.449,8.622,11.237,4.71,70.017
1155,149.719,8.483,12.015,6.946,177.164
1156,36.491,5.338,10.034,6.422,58.285
1157,65.234,8.747,11.484,7.744,93.209
1158,47.991,11.926,16.345,13.147,89.41
1159,112.067,6.926,10.325,3.818,133.136
1160,20.098,4.552,8.139,3.072,35.861
1161,116.607,5.362,8.093,2.279,132.342
1162,12.954,4.758,8.137,3.072,28.921
1163,111.045,4.051,8.008,2.206,125.309
1164,12.445,4.772,8.172,2.854,28.243
1165,85.382,3.752,7.916,2.034,99.084
1166,12.04,4.624,8.116,2.927,27.707
1167,105.385,3.788,8.035,2.246,119.455
1168,12.117,4.525,8.401,2.858,27.901
1169,58.253,4.569,8.254,3.022,74.099
1170,22.793,4.244,8.204,2.751,37.992
1171,97.285,4.563,8.089,2.164,112.101
1172,13.348,4.684,8.134,2.903,29.069
1173,68.826,4.699,8.221,2.932,84.678
1174,17.272,4.369,8.023,2.774,32.438
1175,104.58,3.865,7.971,2.157,118.573
1176,12.408,4.533,8.151,2.783,27.875
1177,66.341,4.934,8.191,2.409,81.876
1178,14.163,4.473,8.092,2.694,29.422
1179,97.622,3.781,8.018,2.071,111.492
1180,13.388,4.129,8.158,2.995,28.67
1181,89.899,3.664,8.006,2.123,103.693
1182,14.028,4.632,8.096,3.137,29.892
1183,100.328,3.743,7.996,2.044,114.111
1184,11.862,4.027,8.107,2.747,26.743
1185,66.482,4.88,8.283,2.397,82.042
1186,13.456,4.42,8.139,2.88,28.896
1187,98.815,3.7,8.008,2.082,112.606
1188,13.317,4.713,8.131,2.713,28.874
1189,63.485,4.584,8.259,2.406,78.734
1190,13.774,4.449,8.075,2.794,29.091
1191,97.749,3.911,7.988,2.19,111.838
1192,12.726,4.583,8.152,2.869,28.33
1193,63.758,4.523,8.177,2.916,79.374
1194,10.976,4.616,8.042,2.735,26.37
1195,107.22,3.83,8.017,2.055,121.122
1196,12.943,4.584,8.069,2.677,28.274
1197,77.897,5.606,10.256,2.745,96.504
1198,16.482,4.43,8.027,2.805,31.744
1199,90.95,4.689,8.246,2.308,106.193
1200,13.758,4.748,8.176,3.035,29.717
1201,64.743,4.579,8.198,2.47,79.99
1202,13.992,4.676,8.136,2.737,29.541
1203,95.636,4.123,7.966,2.2,109.926
1204,13.994,4.591,8.234,4.671,31.49
1205,64.294,4.694,8.178,2.235,79.401
1206,13.908,3.755,8.077,2.829,28.569
1207,95.489,3.745,7.988,2.222,109.444
1208,13.406,4.528,8.123,2.732,28.789
1209,61.431,4.779,8.172,2.767,77.149
1210,13.852,4.317,8.106,2.833,29.107
1211,88.838,4.568,8.214,2.133,103.755
1212,13.36,4.819,8.175,2.93,29.284
1213,66.688,4.511,8.213,2.334,81.746
1214,17.176,5.208,8.129,3.151,33.663
1215,120.357,3.554,7.971,2.055,133.937
1216,11.569,4.571,8.064,2.742,26.946
1217,64.54,4.674,8.231,2.117,79.562
1218,13.135,4.394,8.074,2.716,28.318
1219,87.02,4.63,8.02,2.021,101.691
1220,12.876,4.544,8.094,2.737,28.251
1221,58.266,4.623,8.184,2.832,73.906
1222,19.857,4.567,8.171,2.8,35.395
1223,89.392,4.861,8.225,2.05,104.529
1224,13.301,4.504,8.089,2.814,28.707
1225,66.206,4.487,8.245,2.462,81.4
1226,13.689,4.311,8.163,2.747,28.91
1227,91.929,4.791,8.075,2.106,106.902
1228,13.324,4.171,8.126,2.901,28.522
1229,65.473,4.473,8.25,3.057,81.253
1230,16.693,4.254,8.483,2.72,32.15
1231,111.543,3.676,8.03,2.148,125.397
1232,12.071,4.135,8.159,3.096,27.461
1233,68.237,4.599,8.254,2.165,83.255
1234,13.677,4.092,8.147,2.789,28.706
1235,97.905,3.852,7.981,2.21,111.948
1236,13.394,4.431,8.175,2.952,28.951
1237,62.298,4.617,8.152,2.215,77.282
1238,11.844,4.559,8.083,2.692,27.178
1239,94.321,3.751,7.999,2.091,108.163
1240,11.795,4.141,8.172,2.837,26.944
1241,64.713,4.439,8.26,2.285,79.696
1242,13.445,4.68,8.085,2.85,29.06
1243,98.672,3.733,8.105,2.244,112.755
1244,13.203,4.698,8.132,2.936,28.968
1245,65.883,4.587,8.205,2.321,80.996
1246,15.533,5.194,8.328,2.673,31.729
1247,49.504,4.849,8.077,2.745,65.175
1248,97.275,5.135,8.194,2.154,112.758
1249,12.018,4.873,8.173,2.871,27.936
1250,80.25,3.729,8.002,2.41,94.391
1251,11.498,4.445,8.219,2.959,27.121
1252,66.124,6.993,8.165,2.963,84.246
1253,33.285,4.754,8.176,3.015,49.23
1254,68.66,4.798,8.233,2.596,84.287
1255,13.373,4.283,8.156,2.807,28.618
1256,62.331,4.631,8.145,2.908,78.016
1257,56.536,4.833,8.166,2.995,72.53
1258,34.753,4.745,8.131,2.991,50.62
1259,42.685,4.174,8.233,2.885,57.977
1260,35.902,4.185,8.14,2.869,51.096
1261,75.477,4.606,8.285,5.178,93.546
1262,21.558,4.641,8.11,2.847,37.155
1263,60.707,4.393,8.189,2.966,76.255
1264,16.239,4.37,8.111,2.889,31.61
1265,102.746,4.886,8.277,3.087,118.996
1266,14.998,4.434,8.183,2.865,30.478
1267,61.574,4.64,8.243,2.398,76.854
1268,13.755,4.428,8.075,2.822,29.079
1269,92.355,4.024,7.991,2.116,106.485
1270,11.952,4.389,8.174,2.784,27.299
1271,67.972,4.615,8.242,2.306,83.135
1272,12.927,4.592,8.179,2.755,28.453
1273,94.826,4.438,8.206,2.142,109.612
1274,13.084,4.259,8.111,2.83,28.285
1275,65.11,4.659,8.244,2.898,80.91
1276,13.691,4.265,8.093,2.766,28.814
1277,102.271,3.711,8.228,2.731,116.94
1278,13.578,4.443,8.122,2.759,28.902
1279,67.98,4.753,8.332,2.443,83.508
1280,12.745,4.873,8.171,2.981,28.77
1281,114.514,4.824,8.227,2.276,129.841
1282,13.649,4.464,8.117,2.884,29.113
1283,67.171,4.75,8.261,2.171,82.354
1284,13.583,4.06,8.089,2.629,28.361
1285,91.564,4.639,8.152,2.142,106.498
1286,13.397,4.209,8.135,2.896,28.638
1287,71.127,4.779,8.195,2.508,86.609
1288,14.201,4.51,8.174,2.749,29.634
1289,90.959,4.325,8.139,2.058,105.481
1290,13.608,4.023,8.228,2.855,28.714
1291,70.188,4.792,8.175,2.645,85.8
1292,12.838,4.517,8.145,2.772,28.273
1293,98.162,4.483,8.0,2.247,112.893
1294,13.329,4.119,8.157,2.944,28.548
1295,65.555,4.92,8.241,2.987,81.704
1296,16.996,4.962,8.334,3.451,33.743
1297,107.677,4.848,8.223,2.894,123.642
1298,13.421,4.044,8.082,3.06,28.607
1299,62.825,4.537,8.203,3.075,78.641
1300,17.978,4.67,8.054,2.983,33.685
1301,86.879,4.665,8.303,2.349,102.195
1302,14.366,4.759,8.17,2.88,30.174
1303,71.009,4.939,8.251,2.325,86.525
1304,14.196,4.689,8.107,2.842,29.835
1305,94.371,4.165,8.048,2.084,108.668
1306,13.143,4.26,8.095,2.726,28.224
1307,65.573,4.58,8.26,2.126,80.539
1308,13.281,4.536,8.084,2.586,28.486
1309,95.685,4.896,8.183,2.73,111.495
1310,12.006,4.572,8.113,3.01,27.701
1311,71.802,4.343,8.288,2.011,86.444
1312,13.668,4.66,8.085,2.741,29.155
1313,95.13,4.795,8.795,4.17,112.89
1314,18.335,4.706,8.147,3.2,34.388
1315,92.826,4.376,8.129,3.473,108.804
1316,17.754,8.614,13.051,6.121,45.539
1317,98.444,4.317,8.208,2.051,113.02
1318,16.72,8.476,14.905,7.138,47.239
1319,50.278,4.521,8.234,4.318,67.351
1320,93.485,9.212,10.654,5.963,119.314
1321,112.31,8.783,10.989,4.846,136.928
1322,50.959,8.763,8.202,2.819,70.743
1323,72.566,7.798,13.378,5.243,98.985
1324,41.716,13.393,18.964,9.189,83.262
1325,93.246,8.47,10.904,6.788,119.408
1326,91.47,8.762,10.8,4.851,115.883
1327,60.283,8.656,11.066,4.981,84.986
1328,94.094,6.706,10.7,4.781,116.281
1329,137.45,8.129,10.748,2.741,159.067
1330,13.728,4.646,8.922,4.677,31.972
1331,155.005,4.512,8.846,2.686,171.048
1332,23.231,8.54,11.224,4.617,47.613
1333,149.627,4.408,8.205,2.792,165.032
1334,108.072,6.434,8.034,2.684,125.223
1335,22.905,8.305,11.549,4.643,47.402
1336,150.4,8.709,11.092,5.229,175.429
1337,44.173,4.512,8.177,2.847,59.709
1338,134.567,4.714,8.287,3.676,151.243
1339,22.907,6.334,8.155,4.34,41.736
1340,127.788,8.426,11.288,4.92,152.423
1341,81.71,5.137,8.413,2.854,98.114
1342,132.472,4.605,8.04,2.668,147.784
1343,24.605,7.864,11.315,4.675,48.459
1344,153.601,7.348,10.219,4.777,175.945
1345,71.234,9.209,11.642,4.676,96.761
1346,127.367,12.845,12.259,2.679,155.15
1347,22.984,8.001,10.945,4.606,46.536
1348,140.462,6.993,11.198,5.034,163.687
1349,76.331,8.191,10.932,4.822,100.276
1350,140.96,8.573,10.441,5.209,165.182
1351,51.073,6.673,10.896,4.729,73.371
1352,93.924,14.689,10.901,8.33,127.844
1353,35.922,5.976,8.22,3.134,53.252
1354,154.378,4.676,8.082,2.658,169.794
1355,21.982,8.268,20.593,6.925,57.768
1356,90.827,8.414,10.701,5.61,115.551
1357,108.611,10.588,8.342,4.911,132.451
1358,43.498,4.562,10.803,3.074,61.938
1359,104.995,14.15,8.207,2.986,130.338
1360,23.125,4.65,8.032,2.965,38.772
1361,150.417,3.66,7.964,2.178,164.219
1362,11.964,4.768,8.376,2.76,27.868
1363,71.355,4.612,8.217,2.439,86.623
1364,13.328,4.476,8.064,2.769,28.636
1365,87.627,4.681,8.188,2.106,102.602
1366,13.354,4.232,8.065,2.861,28.512
1367,64.687,4.51,8.205,2.755,80.157
1368,13.09,4.427,8.109,2.801,28.427
1369,115.501,3.75,8.054,2.031,129.336
1370,11.96,4.581,8.192,2.888,27.621
1371,64.27,4.691,8.24,3.06,80.262
1372,15.191,4.61,8.137,2.804,30.742
1373,89.473,4.8,8.255,2.034,104.563
1374,12.342,4.834,8.215,2.903,28.293
1375,66.62,4.713,8.353,2.03,81.717
1376,13.155,4.601,8.053,2.834,28.643
1377,96.825,3.808,8.02,2.073,110.726
1378,11.468,4.55,8.195,2.802,27.015
1379,64.162,4.606,8.199,2.409,79.376
1380,14.061,4.765,8.166,2.883,29.875
1381,93.752,4.843,8.234,2.194,109.024
1382,13.655,4.391,8.118,2.841,29.004
1383,62.531,4.759,8.174,3.135,78.599
1384,14.876,4.542,8.134,2.787,30.339
1385,97.373,4.454,8.193,3.339,113.359
1386,22.439,4.196,8.104,2.864,37.602
1387,61.278,4.853,8.236,2.989,77.356
1388,13.54,4.397,8.104,2.632,28.673
1389,93.807,4.713,8.021,2.133,108.674
1390,12.182,4.427,8.096,2.795,27.499
1391,67.981,4.192,8.192,2.709,83.074
1392,12.366,4.635,8.073,2.777,27.851
1393,88.556,4.561,7.99,2.237,103.345
1394,13.474,4.239,8.135,2.965,28.813
1395,64.094,4.653,8.295,2.926,79.967
1396,16.022,4.496,8.101,2.796,31.415
1397,98.888,3.768,7.986,4.118,114.759
1398,11.757,4.189,8.129,3.074,27.148
1399,71.446,4.682,8.295,2.232,86.654
1400,16.538,4.973,8.597,2.762,32.87
1401,90.393,4.562,8.232,2.271,105.458
1402,13.405,11.855,15.807,7.472,48.54
1403,61.824,4.706,8.191,2.987,77.709
1404,20.013,4.818,8.136,2.939,35.907
1405,87.824,4.938,8.244,3.997,105.003
1406,13.957,5.066,8.244,3.257,30.524
1407,81.041,5.508,8.309,2.262,97.12
1408,13.665,4.691,8.063,2.681,29.099
1409,86.376,4.711,8.211,2.208,101.505
1410,12.114,4.764,8.132,2.911,27.921
1411,66.718,4.588,8.239,2.216,81.761
1412,13.413,4.428,8.098,2.679,28.617
1413,85.355,4.248,8.293,2.183,100.08
1414,13.447,4.521,8.071,2.851,28.891
1415,61.522,4.849,8.245,2.716,77.331
1416,14.288,4.815,8.109,2.694,29.907
1417,98.798,3.837,8.002,2.178,112.815
1418,11.431,4.555,8.175,2.692,26.853
1419,63.394,10.068,13.785,3.074,90.321
1420,20.545,5.814,8.15,2.831,37.34
1421,81.803,5.289,8.29,2.269,97.651
1422,11.948,4.686,8.183,2.876,27.692
1423,62.763,4.561,8.211,2.736,78.272
1424,13.9,4.551,8.067,2.919,29.436
1425,93.785,3.849,8.007,2.243,107.884
1426,12.094,4.635,8.183,2.927,27.84
1427,63.732,4.765,8.231,3.087,79.815
1428,13.144,4.752,8.113,2.925,28.935
1429,95.576,3.679,8.072,2.285,109.612
1430,13.1,4.105,8.169,2.853,28.226
1431,65.222,4.553,8.233,2.202,80.209
1432,13.454,4.187,8.094,2.657,28.392
1433,84.395,4.706,8.271,2.202,99.574
1434,13.474,4.605,8.129,2.825,29.032
1435,64.644,4.937,8.281,2.703,80.565
1436,14.38,4.345,9.523,5.908,34.156
1437,108.673,3.733,8.075,2.28,122.76
1438,11.592,4.559,8.127,2.776,27.054
1439,67.179,4.596,8.253,2.279,82.307
1440,14.018,4.668,8.177,2.908,29.77
1441,89.508,3.718,8.039,2.102,103.367
1442,13.341,3.882,8.068,2.871,28.162
1443,58.405,4.585,8.228,3.09,74.307
1444,13.047,4.418,8.138,2.759,28.362
1445,90.543,4.653,8.203,2.154,105.554
1446,13.258,4.234,8.147,2.73,28.369
1447,59.546,4.611,8.242,2.991,75.391
1448,13.556,4.584,8.132,2.659,28.931
1449,89.205,4.848,8.01,2.217,104.28
1450,13.185,4.526,8.17,2.78,28.66
1451,55.373,4.771,8.181,2.865,71.19
1452,18.535,4.875,8.103,2.778,34.29
1453,100.913,5.038,8.248,2.428,116.626
1454,13.363,4.764,8.086,3.451,29.664
1455,64.893,4.837,8.303,2.967,81.0
1456,12.269,4.611,8.089,2.705,27.675
1457,101.123,3.653,7.919,2.101,114.795
1458,11.29,4.52,8.11,2.764,26.685
1459,64.465,4.738,8.214,2.215,79.631
1460,13.727,4.766,8.033,2.626,29.152
1461,88.779,4.028,11.263,2.211,106.281
1462,12.043,4.918,8.168,2.889,28.018
1463,69.748,4.659,8.19,2.145,84.742
1464,13.599,4.505,8.058,2.791,28.953
1465,91.428,4.326,8.019,2.049,105.822
1466,13.393,4.198,8.112,2.758,28.461
1467,65.836,4.602,8.194,2.096,80.729
1468,13.746,4.439,8.071,2.844,29.101
1469,89.958,4.229,7.95,2.148,104.285
1470,17.239,10.35,14.973,8.007,50.569
1471,52.599,4.532,8.184,3.118,68.432
1472,33.157,4.533,7.985,2.587,48.262
1473,63.277,4.667,8.151,2.835,78.931
1474,26.359,4.506,8.01,2.861,41.735
1475,46.752,4.4,8.122,3.027,62.302
1476,29.785,4.109,8.05,2.878,44.822
1477,80.012,4.63,8.117,2.381,95.141
1478,13.737,4.518,8.152,2.918,29.325
1479,58.616,4.646,8.149,3.006,74.417
1480,14.413,4.626,8.021,3.469,30.529
1481,92.573,4.338,7.99,1.966,106.867
1482,11.239,4.319,8.101,2.638,26.298
1483,69.722,4.61,8.218,2.993,85.543
1484,13.343,4.412,8.069,2.652,28.476
1485,93.737,4.032,8.184,2.113,108.066
1486,14.334,4.411,8.108,2.731,29.584
1487,67.88,4.661,8.212,3.648,84.402
1488,50.426,3.897,8.138,3.096,65.557
1489,60.815,4.542,8.182,2.876,76.415
1490,45.797,4.501,8.165,2.908,61.372
1491,31.216,4.278,8.125,2.847,46.466
1492,45.626,4.644,8.181,2.672,61.123
1493,54.054,4.117,8.151,2.827,69.149
1494,39.782,4.718,8.209,2.992,55.702
1495,42.717,4.196,8.095,2.903,57.911
1496,33.841,4.29,8.111,2.803,49.045
1497,33.445,4.459,8.022,3.443,49.37
1498,71.899,4.311,8.102,2.784,87.095
1499,43.378,4.422,8.027,2.826,58.654
1500,46.969,4.542,8.244,2.962,62.716
1501,27.249,4.436,8.129,3.018,42.832
1502,55.209,4.768,8.143,2.906,71.026
1503,57.543,4.421,8.148,3.075,73.187
1504,46.296,4.7,8.217,3.215,62.428
1505,69.339,4.215,8.139,2.089,83.782
1506,13.199,4.607,8.086,2.787,28.678
1507,90.378,3.908,8.06,2.063,104.409
1508,13.256,4.586,8.15,2.666,28.658
1509,64.618,4.609,8.218,2.083,79.528
1510,13.577,4.239,8.061,2.796,28.673
1511,94.326,3.784,7.995,2.108,108.213
1512,13.256,4.237,8.167,2.893,28.552
1513,61.826,4.523,8.227,2.737,77.313
1514,12.96,4.518,8.038,2.659,28.175
1515,88.96,4.675,8.068,2.148,103.85
1516,11.651,4.4,8.098,2.734,26.883
1517,65.47,4.456,8.155,2.052,80.132
1518,13.307,4.59,8.06,2.708,28.666
1519,85.89,5.843,8.196,2.037,101.966
1520,12.11,3.954,8.084,2.833,26.981
1521,62.73,4.513,9.463,4.689,81.395
1522,17.943,4.393,8.06,9.995,40.391
1523,123.39,10.922,12.184,3.594,150.089
1524,23.953,7.822,10.624,5.284,47.682
1525,124.224,4.385,8.068,2.567,139.244
1526,22.234,8.866,11.096,5.997,48.192
1527,164.03,4.047,8.119,2.745,178.94
1528,23.112,7.683,11.014,4.612,46.421
1529,119.469,7.708,10.734,2.556,140.467
1530,20.645,7.791,10.236,6.627,45.298
1531,170.464,4.404,8.158,4.987,188.012
1532,18.369,4.004,10.125,4.889,37.388
1533,97.763,7.792,11.057,4.802,121.414
1534,45.982,8.133,10.963,4.667,69.745
1535,171.368,7.901,10.125,2.484,191.878
1536,21.154,10.197,9.1,4.637,45.088
1537,127.749,8.462,10.805,3.248,150.265
1538,20.977,8.152,11.476,4.958,45.563
1539,147.564,8.616,11.421,6.669,174.27
1540,41.422,10.491,11.635,4.888,68.437
1541,88.399,3.977,8.227,3.378,103.981
1542,26.215,13.489,8.821,3.205,51.73
1543,152.143,3.938,8.112,2.713,166.906
1544,25.164,7.689,9.98,2.925,45.759
1545,84.515,11.534,12.187,2.736,110.973
1546,19.757,8.184,11.089,4.699,43.727
1547,173.293,4.454,8.064,2.709,188.521
1548,22.147,10.077,11.105,4.094,47.423
1549,131.061,7.823,11.11,2.609,152.603
1550,23.299,8.71,10.946,4.754,47.709
1551,173.608,4.369,8.107,2.643,188.727
1552,24.336,7.911,11.005,4.5,47.753
1553,126.543,8.706,11.137,4.833,151.219
1554,26.109,8.481,10.439,4.586,49.614
1555,171.221,6.579,8.038,2.709,188.547
1556,22.627,6.109,10.487,5.707,44.931
1557,126.991,8.825,10.7,2.701,149.217
1558,23.482,5.85,8.407,3.025,40.765
1559,144.476,7.716,10.402,2.664,165.258
1560,19.051,8.592,15.268,5.065,47.977
1561,91.21,8.045,10.026,6.329,115.61
1562,26.519,8.57,10.949,5.251,51.289
1563,149.772,4.462,8.196,3.587,166.018
1564,26.169,8.05,12.099,4.906,51.225
1565,107.905,3.793,8.127,3.475,123.3
1566,21.019,6.835,11.306,6.345,45.505
1567,114.497,4.589,8.198,2.199,129.483
1568,12.971,4.359,8.082,2.749,28.16
1569,60.954,4.619,8.192,2.994,76.758
1570,15.521,4.117,8.018,2.673,30.329
1571,84.743,4.751,8.261,2.129,99.884
1572,11.576,4.656,8.193,3.075,27.5
1573,69.684,4.586,8.214,2.254,84.737
1574,13.64,4.284,8.091,2.888,28.902
1575,89.384,4.554,7.995,2.117,104.051
1576,13.514,4.237,8.155,2.916,28.821
1577,62.733,4.503,8.153,2.02,77.408
1578,13.348,4.468,7.989,2.746,28.552
1579,88.599,4.608,8.112,2.148,103.468
1580,11.887,4.534,8.186,2.925,27.532
1581,81.861,4.583,8.214,2.695,97.354
1582,13.647,4.68,8.035,2.732,29.094
1583,90.684,4.038,8.013,2.089,104.824
1584,13.169,4.146,8.132,2.727,28.173
1585,63.165,4.571,8.206,2.89,78.832
1586,15.832,4.494,8.044,2.777,31.147
1587,86.546,4.35,8.112,2.161,101.169
1588,16.121,4.03,8.076,3.001,31.228
1589,67.772,4.631,8.214,2.674,83.291
1590,13.542,4.325,8.087,2.819,28.774
1591,85.201,4.208,8.222,2.084,99.714
1592,13.136,4.114,8.098,2.939,28.286
1593,65.303,4.529,8.245,2.245,80.321
1594,11.56,4.803,8.02,2.651,27.034
1595,93.396,3.647,7.998,2.22,107.261
1596,13.435,4.343,8.082,2.877,28.736
1597,64.415,6.71,8.124,2.959,82.208
1598,31.51,4.09,8.1,2.798,46.498
1599,72.769,4.513,8.285,2.823,88.39
1600,13.945,4.401,8.104,2.673,29.122
1601,58.931,4.925,8.16,2.91,74.926
1602,18.251,4.539,8.051,2.703,33.544
1603,87.339,4.567,8.263,2.091,102.261
1604,11.64,3.976,8.104,2.832,26.551
1605,77.264,4.847,8.247,2.131,92.489
1606,13.523,4.137,8.022,2.705,28.386
1607,86.238,4.657,8.217,2.105,101.216
1608,13.407,4.363,8.101,2.934,28.806
1609,73.174,4.505,8.217,2.407,88.304
1610,12.931,4.46,8.069,2.629,28.089
1611,100.083,3.719,7.988,2.232,114.022
1612,12.188,4.351,8.07,2.829,27.438
1613,67.116,4.661,8.234,2.276,82.288
1614,13.376,4.469,8.009,3.064,28.918
1615,110.652,3.724,8.009,2.08,124.466
1616,11.724,4.317,8.123,2.92,27.083
1617,72.758,4.39,7.985,2.182,87.315
1618,13.275,4.405,8.037,2.776,28.493
1619,82.597,4.557,8.162,2.134,97.45
1620,13.61,4.325,8.12,2.939,28.994
1621,63.122,4.751,8.224,2.961,79.058
1622,17.035,4.016,8.113,2.626,31.789
1623,89.468,4.16,8.194,2.137,103.959
1624,13.181,4.121,8.098,2.71,28.11
1625,64.057,4.92,8.222,2.496,79.695
1626,14.034,4.222,8.063,2.858,29.178
1627,92.502,4.668,8.231,2.008,107.409
1628,13.668,4.346,8.074,2.83,28.917
1629,65.31,4.311,8.152,2.579,80.352
1630,13.48,4.657,8.058,2.56,28.756
1631,99.325,10.107,8.292,2.554,120.278
1632,12.397,6.895,8.177,2.827,30.296
1633,75.719,4.81,8.241,2.942,91.712
1634,23.149,4.168,8.043,2.677,38.037
1635,76.363,4.601,8.192,2.779,91.935
1636,22.607,4.653,8.613,2.949,38.822
1637,57.867,4.699,8.227,3.006,73.798
1638,21.675,4.57,8.064,2.58,36.889
1639,80.613,4.664,8.216,2.386,95.88
1640,13.318,4.073,8.137,2.839,28.367
1641,57.495,4.55,8.194,3.246,73.485
1642,15.335,4.516,8.024,2.698,30.573
1643,95.717,4.124,7.976,2.032,109.851
1644,13.978,4.474,8.111,2.83,29.392
1645,61.718,4.795,8.226,2.999,77.738
1646,22.683,4.401,8.1,2.715,37.899
1647,77.784,4.694,8.198,2.814,93.49
1648,13.257,4.34,14.641,8.187,40.425
1649,66.03,4.72,8.159,2.939,81.848
1650,20.938,4.224,8.103,2.712,35.976
1651,82.293,4.665,8.186,2.639,97.783
1652,13.291,4.434,8.092,2.673,28.49
1653,70.3,4.115,8.825,3.004,86.245
1654,12.602,4.599,8.06,2.895,28.156
1655,90.685,4.236,8.245,2.239,105.406
1656,13.166,4.53,8.116,2.761,28.573
1657,64.855,4.756,8.245,2.991,80.847
1658,12.633,4.545,8.064,2.549,27.791
1659,92.695,4.591,8.068,2.197,107.551
1660,13.254,4.539,8.07,2.632,28.494
1661,62.905,4.3,8.2,2.842,78.248
1662,13.584,4.205,8.051,2.683,28.523
1663,94.604,4.0,8.068,2.238,108.91
1664,12.98,4.053,8.145,2.791,27.97
1665,94.151,3.723,8.017,2.356,108.248
1666,11.934,4.705,8.093,2.898,27.63
1667,92.532,3.794,7.951,2.134,106.411
1668,12.977,4.299,8.054,2.814,28.144
1669,66.07,4.503,8.268,3.752,82.593
1670,13.616,4.267,8.039,2.862,28.784
1671,88.161,4.447,8.06,2.185,102.853
1672,13.081,4.304,8.114,2.784,28.283
1673,63.577,4.824,8.233,3.118,79.752
1674,15.444,4.026,8.059,2.908,30.436
1675,91.873,4.742,8.186,2.134,106.935
1676,12.963,4.434,8.081,2.582,28.06
1677,61.793,4.156,8.208,2.201,76.358
1678,13.451,4.58,8.06,2.794,28.886
1679,85.418,4.521,7.97,2.01,99.919
1680,13.368,4.549,8.063,2.775,28.756
1681,57.354,4.727,8.154,2.961,73.196
1682,23.344,4.534,8.086,2.997,38.961
1683,94.854,4.984,8.181,2.87,110.889
1684,21.28,4.617,8.114,2.814,36.825
1685,58.158,4.607,8.219,2.903,73.887
1686,28.624,4.021,8.059,2.95,43.655
1687,72.823,4.508,8.191,2.857,88.38
1688,15.457,4.348,8.152,2.75,30.706
1689,63.884,4.612,8.728,2.622,79.846
1690,13.222,4.498,8.093,2.834,28.648
1691,84.478,4.633,8.216,2.168,99.495
1692,14.353,4.87,8.149,2.781,30.153
1693,62.791,4.73,8.234,2.39,78.145
1694,14.211,4.491,7.994,2.567,29.263
1695,82.463,4.664,8.179,2.022,97.328
1696,13.17,4.54,8.088,2.826,28.623
1697,58.074,4.71,8.131,2.135,73.05
1698,13.008,4.661,8.053,2.761,28.482
1699,92.191,4.377,8.277,3.473,108.317
1700,23.081,4.176,8.182,2.796,38.235
1701,50.527,4.781,8.257,3.118,66.684
1702,22.596,5.336,8.199,3.114,39.244
1703,91.842,4.395,8.032,2.279,106.549
1704,13.361,4.589,8.172,2.854,28.976
1705,56.919,5.137,8.37,3.096,73.521
1706,14.085,4.834,8.103,2.841,29.863
1707,92.899,3.7,8.022,2.316,106.937
1708,13.85,5.202,8.314,3.586,30.953
1709,60.957,4.724,8.269,3.028,76.978
1710,15.859,4.867,8.1,2.895,31.72
1711,88.043,4.715,8.236,2.298,103.293
1712,13.084,4.162,8.255,3.41,28.911
1713,59.081,4.242,8.261,3.005,74.589
1714,14.506,4.58,8.091,2.768,29.946
1715,91.075,4.58,8.209,2.421,106.286
1716,13.538,4.389,8.147,2.768,28.842
1717,99.259,3.743,7.998,2.689,113.689
1718,15.559,4.336,8.107,2.826,30.828
1719,89.198,4.803,8.202,2.123,104.326
1720,13.491,4.351,8.193,2.761,28.797
1721,63.192,4.592,8.493,2.833,79.109
1722,13.802,4.724,8.004,2.704,29.234
1723,93.795,3.605,8.002,2.15,107.552
1724,14.363,4.437,8.736,3.416,30.952
1725,65.959,4.604,8.279,2.165,81.008
1726,13.749,4.613,8.123,2.974,29.459
1727,92.734,4.486,8.058,2.202,107.48
1728,13.407,4.55,8.065,2.614,28.636
1729,85.163,5.43,12.358,3.124,106.075
1730,13.569,4.669,8.677,3.854,30.77
1731,126.837,4.704,8.206,3.638,143.384
1732,71.7,8.719,10.958,4.865,96.242
1733,86.011,7.417,16.952,8.101,118.48
1734,52.65,15.699,23.021,8.857,100.228
1735,57.209,8.445,11.365,4.725,81.743
1736,143.495,12.486,10.647,2.533,169.161
1737,24.525,10.159,11.192,5.08,50.956
1738,133.224,7.385,11.155,4.751,156.516
1739,71.964,8.203,10.966,8.912,100.045
1740,62.305,4.418,8.015,2.766,77.505
1741,138.827,4.446,8.027,2.466,153.765
1742,23.897,9.972,9.022,7.633,50.523
1743,189.874,7.027,8.033,2.669,207.603
1744,19.654,11.118,11.098,4.605,46.475
1745,129.47,8.487,10.563,2.664,151.185
1746,34.5,8.467,10.938,5.1,59.005
1747,76.912,6.118,9.513,3.073,95.617
1748,108.636,9.267,12.393,8.042,138.338
1749,36.944,8.597,10.999,5.332,61.873
1750,78.094,8.842,12.608,4.57,104.114
1751,40.324,7.646,10.13,5.488,63.587
1752,61.811,7.771,12.659,5.893,88.134
1753,112.392,7.828,11.003,7.422,138.644
1754,54.574,13.299,15.023,5.289,88.186
1755,25.755,4.403,8.031,2.68,40.87
1756,69.18,4.61,8.347,2.62,84.757
1757,178.713,4.506,8.148,3.001,194.368
1758,22.972,8.24,9.423,6.632,47.268
1759,134.7,8.515,9.993,2.647,155.855
1760,25.478,7.379,9.882,3.038,45.777
1761,160.687,7.971,10.833,4.664,184.154
1762,44.357,6.378,10.499,4.533,65.767
1763,115.698,8.892,10.749,4.798,140.138
1764,48.159,8.408,10.495,4.557,71.619
1765,168.528,8.513,11.27,3.553,191.865
1766,23.36,7.97,10.982,4.602,46.914
1767,96.889,8.607,11.401,4.994,121.892
1768,38.637,13.163,13.896,9.861,75.557
1769,135.736,8.388,10.476,4.527,159.127
1770,82.598,4.586,8.186,2.954,98.323
1771,57.769,4.718,8.216,3.102,73.805
1772,120.826,8.029,11.067,5.881,145.803
1773,33.107,8.644,11.27,4.968,57.989
1774,142.989,4.575,8.162,3.187,158.914
1775,22.279,7.626,11.911,5.335,47.15
1776,75.022,4.627,8.097,2.769,90.516
1777,60.014,4.532,8.165,2.911,75.623
1778,47.085,4.67,8.169,3.055,62.979
1779,36.26,4.695,8.061,2.738,51.755
1780,48.051,4.524,8.097,2.73,63.402
1781,68.216,4.541,8.207,2.991,83.954
1782,40.101,4.474,8.135,2.815,55.525
1783,45.876,4.408,8.078,2.728,61.09
1784,42.035,4.753,8.102,2.66,57.55
1785,74.992,4.516,8.196,2.902,90.605
1786,28.185,4.536,8.143,2.854,43.719
1787,59.463,4.856,8.442,8.468,81.229
1788,42.173,4.31,8.12,3.502,58.104
1789,76.069,4.82,8.185,2.882,91.956
1790,25.753,4.461,8.117,2.804,41.135
1791,63.115,4.648,8.191,2.891,78.846
1792,21.077,4.393,8.049,3.116,36.635
1793,91.423,4.6,8.216,2.189,106.427
1794,13.12,4.28,8.018,2.646,28.063
1795,73.446,4.554,8.212,2.165,88.378
1796,13.295,4.358,8.026,2.622,28.302
1797,116.837,3.692,8.099,2.078,130.706
1798,13.406,4.371,8.061,2.828,28.666
1799,69.326,4.57,8.265,2.904,85.065
1800,13.313,4.03,7.993,2.607,27.943
1801,102.639,4.797,8.003,2.061,117.501
1802,13.972,4.549,8.105,2.889,29.515
1803,88.237,8.93,10.274,2.665,110.105
1804,11.806,4.572,8.038,2.775,27.191
1805,104.995,4.523,7.951,2.151,119.619
1806,12.987,4.295,8.073,2.766,28.121
1807,72.613,4.146,8.202,2.061,87.022
1808,12.625,4.519,8.092,2.751,27.987
1809,107.624,3.723,8.018,2.29,121.655
1810,12.215,4.726,8.22,3.267,28.428
1811,78.328,4.577,8.232,2.104,93.24
1812,13.539,4.294,8.076,2.791,28.7
1813,110.273,4.546,7.973,3.284,126.076
1814,11.55,4.522,8.119,2.822,27.012
1815,72.723,4.628,8.199,3.052,88.602
1816,11.737,4.208,7.988,2.574,26.507
1817,112.867,3.689,7.985,2.063,126.603
1818,12.284,3.75,8.105,2.779,26.918
1819,104.868,3.597,7.981,2.159,118.605
1820,12.265,4.229,8.042,2.893,27.428
1821,100.659,4.827,8.032,2.899,116.417
1822,13.253,4.266,8.087,2.828,28.435
1823,75.893,4.885,8.165,2.908,91.852
1824,11.745,4.428,8.074,2.781,27.028
1825,104.694,4.828,8.03,2.585,120.136
1826,12.233,5.242,8.166,3.295,28.937
1827,89.318,4.357,8.106,2.106,103.887
1828,13.434,4.299,8.131,2.83,28.695
1829,98.9,4.546,8.198,2.237,113.88
1830,13.302,4.53,8.078,2.921,28.832
1831,73.688,4.586,8.294,2.551,89.118
1832,12.45,5.022,8.45,3.699,29.621
1833,101.498,6.84,8.274,3.072,119.684
1834,25.766,4.543,8.145,2.796,41.25
1835,69.078,4.594,8.162,3.034,84.868
1836,14.432,4.008,8.064,2.818,29.321
1837,105.057,3.985,8.017,2.376,119.435
1838,12.155,4.522,8.074,2.627,27.378
1839,75.734,4.461,8.176,2.254,90.625
1840,13.736,4.405,8.081,2.71,28.932
1841,94.839,4.502,8.135,2.149,109.626
1842,16.303,4.148,8.152,2.671,31.274
1843,68.161,4.352,8.914,3.003,84.43
1844,15.115,4.704,8.054,2.753,30.627
1845,95.012,4.449,8.221,2.108,109.79
1846,13.31,4.508,8.117,2.842,28.777
1847,71.378,4.101,8.197,2.695,86.37
1848,13.762,4.356,8.068,2.898,29.083
1849,95.661,10.037,8.209,3.115,117.023
1850,20.685,4.547,8.081,2.882,36.195
1851,65.709,4.735,8.344,3.075,81.863
1852,16.329,4.816,8.142,2.724,32.012
1853,92.169,4.663,8.186,2.483,107.501
1854,11.393,4.667,8.084,2.857,27.0
1855,71.432,4.868,8.323,2.695,87.319
1856,13.902,4.531,8.061,2.615,29.109
1857,103.821,4.745,8.336,2.149,119.051
1858,13.736,4.687,8.266,2.808,29.496
1859,68.7,4.664,8.246,3.053,84.663
1860,11.693,4.361,8.038,2.603,26.694
1861,99.175,4.663,8.163,2.176,114.178
1862,13.403,4.034,8.113,2.87,28.42
1863,71.155,4.661,8.224,2.839,86.879
1864,13.825,4.083,8.041,2.922,28.871
1865,98.747,8.152,8.194,3.328,118.42
1866,21.779,4.542,8.105,2.911,37.337
1867,84.317,3.87,8.117,2.16,98.463
1868,13.863,4.624,8.1,2.921,29.508
1869,97.369,4.445,8.139,2.072,112.025
1870,13.556,4.309,8.06,2.812,28.737
1871,75.537,4.459,8.22,3.076,91.291
1872,15.83,4.401,8.098,3.037,31.366
1873,97.831,4.519,8.243,3.04,113.633
1874,13.311,6.292,9.301,3.076,31.98
1875,74.152,4.763,8.21,2.254,89.379
1876,14.241,4.721,8.119,2.979,30.06
1877,104.408,4.379,8.318,2.352,119.457
1878,12.76,4.351,8.09,2.857,28.058
1879,75.606,4.781,8.247,2.232,90.867
1880,12.411,4.317,8.058,2.835,27.62
1881,101.892,4.702,8.186,3.209,117.99
1882,33.302,4.733,8.147,2.876,49.058
1883,55.427,4.469,8.153,2.86,70.909
1884,26.504,4.476,8.193,2.91,42.082
1885,85.396,4.524,8.214,3.093,101.227
1886,19.647,4.562,8.127,2.923,35.258
1887,68.443,6.53,8.206,3.12,86.299
1888,23.752,4.457,8.142,2.892,39.243
1889,91.041,4.277,8.224,2.931,106.473
1890,14.844,4.211,8.066,2.929,30.051
1891,71.788,4.327,8.218,2.975,87.309
1892,29.454,4.333,8.096,2.756,44.64
1893,83.581,5.19,8.267,3.02,100.058
1894,17.477,4.696,8.112,4.412,34.697
1895,67.324,4.288,8.158,2.806,82.576
1896,18.065,4.557,8.075,2.784,33.481
1897,116.217,3.951,8.04,2.171,130.378
1898,11.634,4.524,8.102,2.724,26.984
1899,75.014,4.58,8.246,2.088,89.928
1900,14.152,5.114,8.146,2.762,30.175
1901,99.2,5.489,8.365,3.219,116.272
1902,17.159,4.496,8.178,2.628,32.462
1903,70.051,4.696,8.195,3.044,85.987
1904,14.585,4.571,8.099,2.76,30.015
1905,96.587,4.296,8.1,2.435,111.417
1906,12.561,4.613,8.079,3.047,28.299
1907,68.471,5.153,8.643,3.907,86.173
1908,15.923,4.578,8.082,2.849,31.432
1909,91.377,4.524,8.208,2.145,106.254
1910,12.161,4.379,8.099,2.735,27.374
1911,71.979,6.723,8.204,2.096,89.002
1912,12.681,4.46,8.068,2.978,28.187
1913,114.405,3.788,8.062,2.076,128.331
1914,11.481,4.318,8.052,2.576,26.427
1915,67.271,4.682,8.24,2.997,83.191
1916,13.304,4.577,8.084,3.135,29.101
1917,124.532,3.874,8.004,2.281,138.691
1918,12.193,4.44,8.149,2.875,27.658
1919,70.536,5.885,8.185,2.213,86.819
1920,13.714,4.642,8.231,2.631,29.219
1921,88.467,4.792,8.11,2.175,103.545
1922,13.547,4.021,8.043,2.712,28.322
1923,73.254,4.847,8.195,2.169,88.465
1924,13.79,4.443,8.037,2.781,29.052
1925,107.014,4.084,8.226,3.374,122.699
1926,14.47,5.041,8.109,3.872,31.493
1927,145.814,4.412,8.1,4.44,162.767
1928,22.548,9.676,11.288,4.748,48.26
1929,143.856,4.795,8.243,3.12,160.014
1930,39.945,4.282,8.092,2.659,54.979
1931,104.483,4.364,8.015,2.577,119.44
1932,29.416,6.502,11.337,6.392,53.647
1933,167.78,6.76,9.998,2.733,187.271
1934,31.024,7.923,11.146,4.643,54.736
1935,114.51,8.881,10.869,5.222,139.482
1936,33.935,8.179,11.502,4.658,58.273
1937,178.884,4.657,8.075,2.601,194.217
1938,28.216,12.027,12.646,4.752,57.641
1939,145.533,4.536,8.012,2.502,160.582
1940,23.564,8.602,11.225,4.339,47.731
1941,177.478,5.749,8.093,2.734,194.054
1942,24.908,8.431,11.003,5.184,49.526
1943,109.247,5.283,8.267,3.409,126.206
1944,13.358,4.334,8.06,2.64,28.392
1945,126.283,11.414,10.456,3.089,151.243
1946,60.767,8.546,11.402,6.164,86.879
1947,27.876,12.832,14.693,6.989,62.389
1948,89.778,7.608,16.504,4.741,118.63
1949,84.726,9.594,11.009,6.651,111.98
1950,69.088,4.515,8.007,2.586,84.196
1951,120.589,4.496,8.054,2.582,135.72
1952,23.424,8.088,11.07,4.659,47.241
1953,181.084,4.606,8.033,2.594,196.317
1954,24.919,8.29,11.553,4.573,49.335
1955,104.997,11.384,10.905,3.118,130.404
1956,12.034,4.445,7.939,2.512,26.931
1957,206.105,4.562,8.106,2.688,221.461
1958,25.601,8.571,10.934,4.64,49.746
1959,138.234,8.677,10.483,4.556,161.95
1960,24.284,7.905,10.989,5.736,48.915
1961,184.032,4.324,8.411,0.505,197.272
1962,15.441,8.322,8.79,5.608,38.161
1963,85.857,5.698,8.197,0.585,100.337
1964,96.319,6.39,10.314,0.542,113.566
1965,35.438,7.482,11.324,0.554,54.798
1966,162.352,4.128,8.159,0.478,175.117
1967,22.134,8.154,10.099,0.523,40.909
1968,126.549,7.118,10.988,0.558,145.214
1969,45.657,11.665,19.822,2.605,79.749
1970,77.007,11.121,13.303,4.641,106.072
1971,46.174,4.68,8.16,0.524,59.539
1972,58.668,4.86,8.164,0.554,72.246
1973,57.162,4.566,8.15,0.516,70.394
1974,45.177,4.481,8.162,0.544,58.365
1975,36.125,4.524,8.145,0.504,49.299
1976,51.61,4.658,8.167,0.488,64.924
1977,66.116,4.529,8.168,0.563,79.375
1978,35.218,4.363,8.121,3.088,50.79
1979,43.926,4.23,8.09,0.518,56.765
1980,39.898,4.092,8.049,0.467,52.507
1981,70.598,4.475,8.151,0.488,83.711
1982,34.022,4.967,8.292,0.494,47.775
1983,51.919,4.652,8.154,0.59,65.315
1984,37.976,4.285,8.178,0.52,50.959
1985,77.002,4.597,8.155,0.562,90.316
1986,38.923,8.981,12.233,0.512,60.65
1987,46.581,4.613,8.137,0.541,59.873
1988,40.588,4.535,8.195,0.515,53.833
1989,76.559,4.358,8.261,0.546,89.723
1990,26.222,4.43,8.097,0.487,39.237
1991,57.646,4.757,8.234,0.567,71.205
1992,27.192,4.571,8.214,0.534,40.511
1993,87.636,4.651,8.216,0.558,101.062
1994,11.642,4.483,8.077,0.528,24.73
1995,73.579,4.676,8.22,0.403,86.877
1996,13.307,4.189,8.139,0.505,26.14
1997,61.077,4.345,7.989,0.525,73.936
1998,45.023,4.985,8.004,0.55,58.563
1999,56.727,4.718,8.143,0.491,70.08
2000,41.436,4.559,8.075,0.529,54.599
2001,44.25,4.446,8.132,0.521,57.35
2002,42.277,8.711,8.146,0.527,59.662
2003,89.821,4.368,8.267,0.526,102.982
2004,32.339,4.829,8.184,0.611,45.964
2005,59.424,4.572,8.155,0.584,72.735
2006,27.143,4.698,8.111,0.5,40.452
2007,90.704,4.614,8.257,0.576,104.151
2008,16.342,4.488,8.066,0.51,29.406
2009,81.248,4.57,8.228,0.422,94.468
2010,16.129,4.537,8.124,0.494,29.284
2011,96.491,4.759,8.767,0.612,110.629
2012,14.104,4.34,8.173,0.503,27.12
2013,77.739,4.828,8.237,0.424,91.228
2014,13.925,4.155,8.067,0.498,26.644
2015,101.738,4.546,8.255,0.432,114.971
2016,13.537,4.591,8.14,0.538,26.805
2017,75.852,5.138,8.252,0.387,89.63
2018,12.021,4.738,8.101,0.529,25.388
2019,124.483,3.815,8.002,0.424,136.724
2020,11.71,4.537,8.125,0.546,24.918
2021,74.197,4.802,8.251,0.425,87.675
2022,14.005,4.551,8.088,0.545,27.189
2023,97.132,4.281,8.235,0.426,110.073
2024,13.236,4.515,8.121,0.531,26.403
2025,70.598,4.721,8.215,0.431,83.966
2026,13.6,4.674,8.091,0.531,26.897
2027,96.563,4.736,8.171,0.398,109.868
2028,13.302,4.7,8.199,0.51,26.711
2029,75.813,4.569,8.323,0.411,89.117
2030,12.073,4.514,8.214,0.496,25.298
2031,105.957,3.852,7.949,0.378,118.136
2032,11.736,4.411,8.127,0.517,24.791
2033,74.677,4.673,8.275,0.416,88.042
2034,13.675,4.626,8.077,0.468,26.846
2035,119.584,7.317,8.215,0.466,135.582
2036,11.671,4.573,8.136,0.491,24.871
2037,72.726,4.626,8.232,0.405,85.989
2038,11.443,4.283,8.061,0.506,24.293
2039,92.641,4.503,8.167,0.409,105.72
2040,13.262,4.446,8.146,0.497,26.35
2041,70.252,4.586,8.203,0.538,83.579
2042,13.809,4.419,8.125,0.529,26.881
2043,96.143,4.1,7.946,0.405,108.594
2044,13.306,4.199,8.146,0.527,26.179
2045,72.44,4.55,8.204,0.386,85.579
2046,13.44,4.653,8.02,0.512,26.625
2047,121.76,3.549,7.994,0.422,133.725
2048,13.16,4.706,8.188,0.516,26.57
2049,73.232,4.688,8.189,0.624,86.732
2050,13.919,4.404,8.183,0.651,27.157
2051,111.459,5.149,8.182,0.618,125.408
2052,16.618,4.699,8.167,0.531,30.016
2053,71.784,7.399,8.18,0.388,87.751
2054,13.829,4.496,8.023,0.489,26.837
2055,96.34,4.283,8.253,0.448,109.324
2056,13.568,4.16,8.081,0.522,26.331
2057,69.305,4.324,8.198,0.402,82.229
2058,11.242,5.173,8.062,0.609,25.085
2059,103.637,3.524,7.956,0.37,115.487
2060,12.585,4.353,8.107,0.509,25.554
2061,66.942,4.565,8.181,0.808,80.497
2062,19.227,4.388,8.121,0.477,32.213
2063,96.053,4.485,7.932,0.422,108.892
2064,13.536,4.209,8.05,0.457,26.252
2065,72.889,4.496,8.434,0.546,86.365
2066,16.075,4.668,8.13,0.474,29.349
2067,98.5,4.676,8.246,0.423,111.845
2068,20.59,9.529,12.993,0.533,43.645
2069,61.864,5.062,8.204,0.564,75.694
2070,29.779,4.639,8.091,0.464,42.973
2071,83.74,4.452,8.206,0.532,96.93
2072,19.827,4.464,8.112,0.489,32.892
2073,68.394,4.528,8.387,0.507,81.816
2074,15.244,4.375,8.041,0.498,28.157
2075,104.814,4.765,8.015,0.437,118.031
2076,12.281,4.446,8.107,0.51,25.344
2077,77.595,4.502,8.228,0.442,90.767
2078,13.523,3.983,8.062,0.458,26.027
2079,92.802,4.637,8.019,0.417,105.874
2080,15.22,6.655,8.113,0.572,30.56
2081,70.459,4.784,8.258,0.556,84.057
2082,16.995,4.7,8.115,0.521,30.331
2083,96.236,4.442,8.196,0.419,109.295
2084,13.033,4.446,8.061,3.005,28.544
2085,87.243,4.668,8.267,0.55,100.728
2086,16.446,4.549,8.03,0.496,29.521
2087,100.884,4.543,8.242,0.416,114.084
2088,15.01,4.587,8.018,0.513,28.129
2089,77.127,4.711,8.274,0.418,90.53
2090,11.48,3.948,7.993,0.526,23.948
2091,105.994,4.569,7.951,0.42,118.934
2092,16.329,4.23,8.166,2.946,31.67
2093,68.191,4.725,8.208,2.931,84.056
2094,18.15,4.362,8.015,2.653,33.18
2095,100.386,4.7,8.155,2.144,115.386
2096,12.583,4.51,8.093,2.836,28.022
2097,72.544,4.654,8.342,3.069,88.608
2098,12.328,4.497,8.007,2.76,27.592
2099,102.079,4.16,7.984,2.16,116.383
2100,10.042,4.5,8.044,2.85,25.436
2101,106.807,4.1,7.978,2.11,120.995
2102,13.808,3.992,8.026,2.897,28.723
2103,99.839,4.258,8.187,2.317,114.601
2104,12.993,4.388,8.061,2.79,28.233
2105,83.43,4.481,8.443,2.936,99.29
2106,13.729,4.664,8.095,2.968,29.456
2107,103.664,4.699,8.24,2.154,118.757
2108,12.055,4.255,8.105,2.875,27.29
2109,77.803,4.734,8.147,2.035,92.719
2110,13.594,4.419,8.038,3.474,29.525
2111,95.691,4.771,8.204,2.081,110.746
2112,13.502,4.402,8.068,2.898,28.87
2113,71.504,4.607,8.247,2.269,86.627
2114,14.031,4.358,8.063,2.645,29.097
2115,97.86,4.488,9.044,3.136,114.528
2116,21.564,6.85,10.125,2.829,41.368
2117,75.501,4.89,8.252,0.505,89.147
2118,13.656,4.183,8.066,3.043,28.948
2119,100.54,4.597,8.273,2.073,115.483
2120,12.101,4.411,8.254,2.712,27.477
2121,74.704,4.676,8.195,3.146,90.721
2122,15.886,4.534,8.038,2.638,31.096
2123,93.372,4.497,8.2,2.063,108.131
2124,11.742,4.489,8.032,2.698,26.961
2125,79.272,4.579,8.222,4.434,96.507
2126,24.599,7.889,12.017,5.078,49.583
2127,142.453,10.249,12.252,0.521,165.476
2128,17.171,8.892,10.888,5.204,42.156
2129,111.333,8.532,10.296,0.603,130.764
2130,25.426,8.459,13.654,5.428,52.967
2131,116.77,7.807,10.887,4.845,140.308
2132,56.728,7.928,10.472,2.561,77.689
2133,127.152,8.937,11.103,0.479,147.671
2134,40.605,7.822,11.014,4.704,64.144
2135,168.557,6.644,10.944,0.519,186.663
2136,37.55,10.877,11.292,0.504,60.223
2137,48.849,8.316,10.746,0.524,68.434
2138,120.964,6.412,10.963,0.523,138.862
2139,123.093,16.498,22.275,0.58,162.446
2140,29.55,8.662,9.633,0.515,48.361
2141,140.072,5.329,8.103,0.491,153.995
2142,21.078,7.739,11.372,0.449,40.638
2143,190.232,4.375,8.128,0.549,203.284
2144,17.6,8.433,10.996,0.49,37.518
2145,88.72,6.466,8.24,0.571,103.998
2146,81.311,8.247,9.653,0.569,99.781
2147,99.116,5.216,8.652,0.605,113.588
2148,41.839,5.068,9.598,0.565,57.07
2149,118.607,4.468,8.41,2.778,134.262
2150,24.388,10.687,8.613,0.496,44.184
2151,200.092,8.979,8.738,0.487,218.296
2152,25.299,7.721,11.071,0.516,44.607
2153,79.861,4.515,8.068,2.784,95.228
2154,118.64,3.915,8.062,0.534,131.152
2155,23.831,7.72,11.18,0.573,43.304
2156,165.628,4.74,8.22,0.467,179.055
2157,25.252,7.67,11.165,0.458,44.545
2158,130.717,8.214,10.491,4.628,154.05
2159,63.717,7.378,11.172,4.598,86.865
2160,110.925,8.491,10.844,4.791,135.051
2161,33.51,7.387,11.685,0.581,53.163
2162,130.065,7.756,10.991,4.795,153.608
2163,80.969,9.103,10.263,0.555,100.891
2164,76.287,4.808,9.023,0.56,90.678
2165,89.812,8.682,9.301,2.542,110.337
2166,59.847,8.171,17.798,0.527,86.343
2167,132.229,4.78,8.677,3.048,148.734
2168,26.32,11.196,11.917,5.805,55.239
2169,78.092,14.788,19.178,7.926,119.984
2170,24.793,7.28,12.222,5.2,49.496
2171,192.184,8.558,8.221,3.134,212.097
2172,16.037,4.509,8.134,2.777,31.456
2173,87.343,3.801,8.15,3.625,102.919
2174,11.778,4.191,8.033,2.591,26.593
2175,100.638,4.724,7.979,1.99,115.331
2176,13.217,4.258,8.094,2.883,28.452
2177,64.659,4.762,8.235,2.528,80.184
2178,13.687,4.423,8.144,0.481,26.736
2179,95.665,3.791,7.989,2.233,109.677
2180,13.719,4.754,8.117,2.979,29.569
2181,63.544,4.24,8.291,0.559,76.635
2182,19.777,4.167,8.183,3.038,35.165
2183,91.643,4.606,8.185,2.067,106.5
2184,13.387,4.486,8.113,2.909,28.894
2185,67.044,4.746,8.235,2.996,83.021
2186,13.575,4.676,8.125,2.865,29.241
2187,106.263,4.705,8.227,3.27,122.466
2188,14.9,4.586,8.105,3.047,30.638
2189,81.284,4.574,8.058,2.154,96.069
2190,15.702,4.489,8.192,2.832,31.214
2191,93.827,4.134,8.227,0.394,106.582
2192,13.64,4.302,8.072,0.536,26.551
2193,71.529,4.799,8.227,2.691,87.245
2194,14.391,4.653,8.122,0.518,27.683
2195,96.665,4.499,8.212,0.435,109.811
2196,13.625,4.566,8.046,2.724,28.961
2197,71.059,4.88,8.25,2.193,86.381
2198,11.759,4.705,8.098,2.936,27.498
2199,96.466,4.18,8.11,2.179,110.935
2200,15.542,4.76,8.294,3.518,32.114
2201,63.736,4.939,8.221,3.028,79.924
2202,18.557,4.535,8.099,2.62,33.811
2203,88.249,4.638,8.164,2.92,103.97
2204,17.655,4.333,8.141,3.596,33.724
2205,93.95,4.8,8.237,2.216,109.203
2206,12.755,4.771,8.148,2.914,28.588
2207,99.53,4.222,8.167,2.19,114.108
2208,13.357,4.506,8.116,2.805,28.783
2209,69.895,4.533,8.23,3.25,85.907
2210,12.311,4.448,8.076,3.032,27.867
2211,100.558,4.609,7.972,2.148,115.286
2212,13.632,4.208,8.079,3.036,28.955
2213,72.617,4.784,8.228,2.092,87.721
2214,11.212,4.472,8.08,2.872,26.636
2215,98.82,4.433,8.176,2.062,113.492
2216,13.649,4.04,8.06,2.726,28.475
2217,71.755,4.404,8.231,2.155,86.546
2218,13.856,4.538,11.081,2.862,32.337
2219,89.03,4.642,8.191,2.143,104.005
2220,23.218,9.439,17.349,6.553,56.558
2221,48.636,4.773,8.19,3.056,64.655
2222,39.322,4.641,8.137,2.896,54.995
2223,70.079,4.183,8.242,3.116,85.621
2224,31.541,4.723,8.1,2.777,47.14
2225,54.041,4.627,8.181,2.834,69.683
2226,26.146,4.235,8.169,2.853,41.404
2227,80.282,4.838,8.23,3.048,96.399
2228,17.194,4.506,8.138,2.933,32.771
2229,70.531,4.84,8.275,3.039,86.685
2230,16.036,4.354,8.134,2.971,31.496
2231,95.803,4.584,8.127,1.991,110.505
2232,13.889,4.574,8.128,2.769,29.36
2233,66.075,4.127,9.153,3.599,82.953
2234,13.658,4.537,8.06,2.717,28.972
2235,96.23,4.296,8.171,2.049,110.745
2236,13.323,4.089,9.904,7.954,35.27
2237,85.319,3.835,8.002,2.178,99.335
2238,13.562,4.352,8.12,2.916,28.951
2239,86.547,4.678,8.164,2.102,101.491
2240,11.602,4.482,8.132,3.123,27.338
2241,65.185,4.42,8.208,2.949,80.762
2242,13.886,4.472,8.052,2.811,29.221
2243,92.587,4.644,8.01,2.028,107.268
2244,11.832,4.333,8.148,3.09,27.403
2245,67.544,4.487,8.24,2.352,82.623
2246,13.411,4.227,8.041,2.612,28.292
2247,58.568,4.594,8.156,2.795,74.113
2248,54.391,4.973,8.192,2.91,70.466
2249,41.964,4.804,8.235,2.989,57.992
2250,54.413,4.558,8.269,3.128,70.368
2251,23.867,4.529,8.189,3.209,39.795
2252,57.533,4.355,8.232,2.815,72.934
2253,51.706,8.916,9.63,3.167,73.42
2254,73.176,4.583,8.228,2.066,88.053
2255,13.216,4.553,8.121,2.92,28.811
2256,68.379,4.197,8.185,2.732,83.493
2257,45.447,4.609,8.206,2.918,61.18
2258,54.051,4.258,8.248,3.241,69.798
2259,25.55,4.668,8.155,3.054,41.427
2260,58.032,4.819,8.377,2.954,74.183
2261,52.038,4.369,8.129,2.875,67.412
2262,52.284,4.572,8.206,3.162,68.224
2263,29.281,4.89,8.155,2.977,45.303
2264,59.378,4.905,8.172,3.047,75.502
2265,46.523,7.63,8.242,3.031,65.426
2266,50.633,4.732,8.159,2.99,66.514
2267,34.967,5.039,8.189,2.992,51.187
2268,41.734,4.747,8.156,2.926,57.563
2269,70.358,4.761,8.553,3.18,86.852
2270,53.853,4.671,8.225,3.125,69.875
2271,42.451,4.65,8.228,3.106,58.435
2272,41.485,4.729,8.113,2.974,57.301
2273,61.899,4.248,8.236,2.968,77.352
2274,43.25,4.794,8.231,2.905,59.18
2275,39.163,4.84,8.129,2.943,55.074
2276,46.121,4.506,8.195,3.006,61.829
2277,72.268,4.21,8.206,2.843,87.526
2278,27.445,4.478,8.084,2.891,42.898
2279,54.826,4.783,8.227,3.031,70.866
2280,24.885,4.727,8.12,2.778,40.51
2281,92.365,4.383,8.219,2.227,107.195
2282,12.509,4.406,8.135,2.82,27.87
2283,76.777,4.673,8.299,2.421,92.17
2284,29.738,6.362,8.218,2.918,47.236
2285,83.082,4.395,8.181,3.748,99.406
2286,38.19,4.868,8.174,2.937,54.169
2287,57.044,4.693,8.204,3.174,73.115
2288,26.818,4.517,8.099,2.746,42.181
2289,82.867,4.338,8.233,3.146,98.584
2290,15.241,4.085,8.087,0.519,27.932
2291,69.154,4.293,8.238,3.143,84.827
2292,13.494,4.582,8.145,2.763,28.984
2293,93.664,4.088,8.168,0.443,106.362
2294,13.296,4.537,8.164,0.488,26.486
2295,75.249,4.746,8.252,0.401,88.649
2296,14.929,4.534,8.061,3.019,30.542
2297,103.547,4.206,8.057,0.423,116.233
2298,13.478,4.426,8.173,2.781,28.858
2299,68.113,4.531,9.056,0.63,82.331
2300,17.997,4.429,8.107,0.516,31.05
2301,98.009,4.671,8.573,2.146,113.399
2302,13.771,4.722,8.162,0.525,27.18
2303,91.304,4.755,8.364,2.205,106.628
2304,13.951,4.476,8.0,0.487,26.914
2305,97.646,4.748,8.283,0.411,111.088
2306,13.499,4.696,8.143,0.524,26.862
2307,72.033,4.695,8.243,0.588,85.559
2308,19.194,4.85,8.174,0.548,32.766
2309,99.359,5.036,8.236,2.107,114.739
2310,14.149,4.685,8.141,2.829,29.805
2311,84.137,4.788,8.17,3.237,100.331
2312,19.137,4.408,8.08,2.906,34.531
2313,89.12,4.659,8.19,0.585,102.554
2314,18.962,4.347,8.174,2.965,34.448
2315,72.985,4.149,8.222,2.97,88.326
2316,11.204,4.595,8.072,2.713,26.584
2317,106.092,4.404,8.135,3.053,121.683
2318,18.919,4.629,8.198,3.013,34.76
2319,76.626,4.82,8.229,2.006,91.681
2320,13.278,4.561,8.084,2.88,28.803
2321,98.429,4.621,7.989,2.108,113.147
2322,12.236,5.148,8.161,2.937,28.481
2323,76.98,4.669,8.236,2.056,91.94
2324,13.543,4.589,8.054,2.821,29.007
2325,93.629,5.114,8.213,2.3,109.257
2326,13.763,4.855,8.127,2.923,29.668
2327,87.919,4.892,9.986,3.081,105.878
2328,134.837,11.256,9.392,2.747,158.231
2329,19.394,9.018,10.668,6.541,45.622
2330,88.426,4.483,8.025,2.633,103.567
2331,107.298,4.858,8.415,3.124,123.696
2332,21.771,8.627,12.104,4.721,47.223
2333,190.095,4.539,8.085,2.696,205.415
2334,21.589,8.236,11.072,4.682,45.579
2335,136.454,8.703,11.006,4.792,160.955
2336,26.025,8.322,10.748,4.756,49.85
2337,181.813,4.442,8.08,2.422,196.758
2338,23.429,8.192,11.643,4.639,47.903
2339,139.361,8.612,11.261,4.773,164.008
2340,21.862,8.504,10.73,4.752,45.847
2341,204.817,4.724,8.193,2.756,220.49
2342,20.308,8.174,11.05,4.78,44.311
2343,152.018,4.921,8.288,3.337,168.564
2344,23.084,8.501,11.072,5.301,47.958
2345,141.057,4.788,8.086,3.336,157.268
2346,89.952,9.774,17.157,6.719,123.601
2347,25.28,8.496,11.324,0.504,45.604
2348,100.561,8.601,11.218,4.736,125.116
2349,119.375,8.541,11.204,4.774,143.894
2350,64.208,8.532,13.331,6.756,92.826
2351,107.711,7.656,14.85,4.961,135.178
2352,53.031,8.765,10.894,3.756,76.446
2353,147.985,7.689,10.451,7.995,174.119
2354,25.357,6.8,11.028,4.739,47.925
2355,66.681,4.703,8.169,2.743,82.295
2356,142.26,8.158,10.966,4.764,166.148
2357,79.805,8.501,10.795,4.709,103.811
2358,106.913,9.002,10.456,4.655,131.026
2359,48.866,7.97,11.179,4.641,72.655
2360,110.821,10.333,15.866,11.466,148.486
2361,27.599,5.258,8.176,3.177,44.211
2362,134.967,4.972,8.49,3.114,151.543
2363,21.639,10.116,10.822,4.543,47.121
2364,145.093,7.675,8.207,3.247,164.222
2365,31.358,6.803,10.806,5.129,54.096
2366,124.761,4.471,8.174,3.282,140.687
2367,23.002,7.06,11.783,4.934,46.779
2368,141.643,8.936,10.975,7.629,169.183
2369,47.355,4.463,8.111,2.935,62.863
2370,63.714,4.239,8.265,2.97,79.188
2371,15.763,4.541,8.123,3.401,31.829
2372,64.831,4.731,9.994,9.555,89.111
2373,33.545,4.533,8.171,2.721,48.969
2374,77.358,4.555,7.994,2.232,92.139
2375,16.017,4.267,8.126,2.882,31.292
2376,63.58,4.105,8.158,2.859,78.702
2377,44.397,4.623,8.215,2.966,60.201
2378,46.283,4.731,8.147,2.912,62.073
2379,31.284,4.394,8.153,2.885,46.716
2380,46.437,4.565,8.074,2.847,61.923
2381,52.326,4.552,8.175,2.916,67.969
2382,40.838,4.446,8.128,2.947,56.359
2383,36.223,4.586,8.195,2.926,51.93
2384,40.055,4.588,8.036,2.729,55.408
2385,63.839,4.767,8.224,2.802,79.632
2386,33.716,4.429,8.076,2.739,48.959
2387,47.235,4.663,8.163,3.055,63.115
2388,33.955,4.561,8.125,2.77,49.412
2389,70.998,9.274,12.139,3.19,95.601
2390,30.222,4.519,8.165,2.753,45.659
2391,69.889,4.717,8.173,2.118,84.897
2392,11.956,4.577,8.097,2.81,27.439
2393,93.511,4.571,8.247,2.499,108.829
2394,13.81,4.2,8.189,2.846,29.045
2395,71.754,4.769,8.187,2.57,87.28
2396,13.778,4.67,8.035,3.011,29.495
2397,102.906,3.824,7.952,2.124,116.806
2398,11.851,4.415,8.124,2.848,27.238
2399,70.085,4.076,8.252,2.128,84.541
2400,13.827,3.971,8.059,2.687,28.545
2401,92.58,5.328,8.385,2.186,108.479
2402,13.107,4.316,8.119,2.798,28.34
2403,67.098,4.985,8.305,2.79,83.177
2404,16.884,4.65,8.418,2.735,32.688
2405,96.293,4.142,8.278,5.134,113.847
2406,13.109,9.752,13.923,5.919,42.704
2407,64.102,4.682,8.218,3.028,80.029
2408,19.185,4.458,8.107,2.852,34.602
2409,90.45,4.759,8.18,2.068,105.458
2410,13.772,4.767,8.081,2.752,29.372
2411,67.322,4.52,8.164,2.879,82.885
2412,12.747,4.476,8.048,2.864,28.135
2413,88.813,4.147,8.275,2.109,103.344
2414,13.77,4.595,8.104,2.991,29.46
2415,69.562,4.436,8.243,2.294,84.535
2416,11.759,4.366,8.015,2.761,26.902
2417,96.559,3.685,8.02,2.129,110.392
2418,13.403,4.061,8.059,2.805,28.329
2419,64.389,4.532,8.22,2.645,79.785
2420,14.02,4.388,8.031,2.591,29.03
2421,86.953,4.48,8.181,2.199,101.813
2422,13.613,4.269,8.111,2.792,28.785
2423,75.552,4.441,8.22,2.891,91.104
2424,37.663,4.651,8.116,2.82,53.25
2425,66.287,4.845,8.178,3.016,82.325
2426,30.509,4.599,8.095,2.793,45.997
2427,54.179,4.509,8.214,3.007,69.909
2428,22.459,4.475,8.106,2.69,37.731
2429,84.883,4.568,8.171,2.203,99.825
2430,12.05,4.43,8.076,2.888,27.444
2431,69.666,4.33,8.242,2.12,84.358
2432,12.456,4.211,8.065,2.816,27.548
2433,90.588,4.635,8.145,2.124,105.492
2434,13.322,4.486,8.139,3.019,28.966
2435,68.802,4.48,8.219,2.217,83.719
2436,14.143,4.678,8.096,2.61,29.527
2437,90.676,4.63,8.155,2.189,105.65
2438,13.39,3.877,8.123,2.86,28.251
2439,62.094,4.383,8.193,2.924,77.595
2440,25.766,8.0,12.68,9.906,56.352
2441,97.967,4.649,8.256,2.121,112.993
2442,13.292,4.335,8.095,2.804,28.525
2443,69.343,4.476,8.212,2.943,84.974
2444,13.653,3.73,8.086,2.748,28.217
2445,96.094,4.362,7.978,2.278,110.712
2446,13.112,4.334,8.114,2.76,28.32
2447,63.482,4.71,8.235,2.836,79.263
2448,11.392,4.454,8.079,2.785,26.709
2449,97.683,3.626,8.022,1.991,111.322
2450,13.182,4.549,8.041,2.663,28.435
2451,64.166,4.731,8.209,2.243,79.349
2452,13.94,4.352,8.055,2.698,29.044
2453,91.517,4.75,8.192,2.176,106.635
2454,13.609,4.448,8.192,2.991,29.239
2455,66.772,4.718,8.213,2.156,81.859
2456,13.534,4.789,10.629,4.028,32.98
2457,111.981,3.851,7.995,2.255,126.082
2458,13.264,4.709,8.179,3.302,29.454
2459,74.049,7.399,10.293,2.917,94.658
2460,27.977,4.643,8.089,2.603,43.313
2461,82.211,4.609,8.237,2.966,98.024
2462,15.641,4.339,8.089,2.84,30.909
2463,63.544,4.516,8.178,2.94,79.177
2464,14.357,4.559,8.084,2.649,29.649
2465,98.345,4.657,8.236,2.197,113.434
2466,11.911,4.41,8.135,2.652,27.108
2467,72.397,4.447,8.19,2.34,87.374
2468,13.599,4.238,8.036,2.735,28.608
2469,98.209,4.663,8.158,2.177,113.207
2470,15.336,4.376,8.043,2.796,30.55
2471,70.069,4.744,8.145,2.891,85.849
2472,20.136,9.902,9.738,6.97,46.745
2473,96.497,4.82,8.189,3.944,113.45
2474,13.446,4.142,8.102,2.78,28.47
2475,72.49,4.733,8.212,2.881,88.316
2476,16.657,4.441,8.029,2.624,31.752
2477,99.208,4.557,8.217,2.282,114.264
2478,13.373,4.346,8.03,2.675,28.425
2479,69.77,4.413,8.223,3.006,85.412
2480,13.86,4.057,8.084,2.72,28.722
2481,108.167,4.119,7.972,2.162,122.42
2482,15.719,4.189,8.048,2.802,30.758
2483,77.765,4.249,8.201,2.043,92.258
2484,13.997,4.494,8.009,2.607,29.107
2485,106.376,4.699,8.129,2.304,121.508
2486,13.828,4.753,8.097,2.903,29.581
2487,82.033,10.838,11.655,3.474,108.0
2488,16.172,4.486,8.087,2.702,31.446
2489,105.393,4.613,8.225,2.044,120.275
2490,13.45,4.208,8.091,2.673,28.423
2491,74.346,4.582,8.2,2.08,89.208
2492,13.532,4.249,8.081,2.55,28.411
2493,90.983,4.617,8.242,2.882,106.724
2494,12.903,4.53,8.313,2.792,28.538
2495,77.496,3.725,8.03,2.461,91.712
2496,15.557,4.368,8.364,3.101,31.39
2497,54.316,4.467,7.977,2.549,69.31
2498,52.712,4.421,8.06,2.864,68.057
2499,42.719,4.358,8.055,2.699,57.83
2500,54.362,4.498,8.165,3.062,70.087
2501,20.715,4.403,8.1,2.667,35.886
2502,59.408,4.261,8.159,2.942,74.771
2503,49.838,4.657,8.109,2.719,65.323
2504,87.02,4.294,8.311,2.174,101.798
2505,15.159,9.397,8.067,2.88,35.502
2506,57.179,4.783,8.119,2.805,72.885
2507,53.622,4.692,8.192,3.048,69.554
2508,46.483,4.722,8.195,2.962,62.362
2509,34.85,4.463,8.212,2.979,50.505
2510,46.966,5.101,8.349,2.926,63.343
2511,54.678,4.779,8.228,3.14,70.826
2512,33.944,4.8,8.104,2.899,49.747
2513,38.303,3.592,7.921,1.876,51.692
2514,9.326,3.398,7.959,1.975,22.657
2515,9.203,3.357,7.949,1.858,22.366
